{
  "type": "FeatureCollection",
  "features": [
    {
      "type": "Feature",
      "properties": {
        "scalerank": 4,
        "natscale": 50,
        "labelrank": 1,
        "name": "厦门",
        "namepar": null,
        "namealt": null,
        "diffascii": 0,
        "nameascii": "Xiamen",
        "adm0cap": 0,
        "capalt": 0,
        "capin": null,
        "worldcity": 0,
        "megacity": 1,
        "sov0name": "China",
        "sov_a3": "CHN",
        "adm0name": "China",
        "adm0_a3": "CHN",
        "adm1name": "Fujian",
        "iso_a2": "CN",
        "note": "1",
        "latitude": 24.4499920847,
        "longitude": 118.080017048,
        "changed": 1,
        "namediff": 0,
        "diffnote": "Changed scale rank.",
        "pop_max": 2519000,
        "pop_min": 578337,
        "pop_other": 2228198,
        "rank_max": 12,
        "rank_min": 11,
        "geonameid": 1790645,
        "meganame": "Xiamen",
        "ls_name": "Xiamen",
        "ls_match": 1,
        "checkme": 0,
        "featureclass": "Populated place"
      },
      "geometry": {
        "type": "Point",
        "coordinates": [
          118.07807118959852,
          24.451937943362566
        ]
      }
    },
    {
      "type": "Feature",
      "properties": {
        "scalerank": 4,
        "natscale": 50,
        "labelrank": 1,
        "name": "南充",
        "namepar": null,
        "namealt": null,
        "diffascii": 0,
        "nameascii": "Nanchong",
        "adm0cap": 0,
        "capalt": 0,
        "capin": null,
        "worldcity": 0,
        "megacity": 1,
        "sov0name": "China",
        "sov_a3": "CHN",
        "adm0name": "China",
        "adm0_a3": "CHN",
        "adm1name": "Sichuan",
        "iso_a2": "CN",
        "note": null,
        "latitude": 30.7804325552,
        "longitude": 106.12999711,
        "changed": 5,
        "namediff": 0,
        "diffnote": "Changed scale rank.",
        "pop_max": 2174000,
        "pop_min": 2174000,
        "pop_other": 11131456,
        "rank_max": 12,
        "rank_min": 12,
        "geonameid": 1800146,
        "meganame": "Nanchong",
        "ls_name": "Nanchong",
        "ls_match": 1,
        "checkme": 0,
        "featureclass": "Populated place"
      },
      "geometry": {
        "type": "Point",
        "coordinates": [
          106.12805125139965,
          30.782378413765457
        ]
      }
    },
    {
      "type": "Feature",
      "properties": {
        "scalerank": 4,
        "natscale": 50,
        "labelrank": 1,
        "name": "内江",
        "namepar": null,
        "namealt": null,
        "diffascii": 0,
        "nameascii": "Neijiang",
        "adm0cap": 0,
        "capalt": 0,
        "capin": null,
        "worldcity": 0,
        "megacity": 1,
        "sov0name": "China",
        "sov_a3": "CHN",
        "adm0name": "China",
        "adm0_a3": "CHN",
        "adm1name": "Sichuan",
        "iso_a2": "CN",
        "note": null,
        "latitude": 29.5803766063,
        "longitude": 105.050011352,
        "changed": 0,
        "namediff": 0,
        "diffnote": null,
        "pop_max": 1466000,
        "pop_min": 546854,
        "pop_other": 7094188,
        "rank_max": 12,
        "rank_min": 11,
        "geonameid": 1799491,
        "meganame": "Neijiang",
        "ls_name": "Neijiang",
        "ls_match": 1,
        "checkme": 0,
        "featureclass": "Populated place"
      },
      "geometry": {
        "type": "Point",
        "coordinates": [
          105.04806549293176,
          29.582322464867616
        ]
      }
    },
    {
      "type": "Feature",
      "properties": {
        "scalerank": 4,
        "natscale": 50,
        "labelrank": 1,
        "name": "南阳",
        "namepar": null,
        "namealt": "Nanyang, Henan",
        "diffascii": 0,
        "nameascii": "Nanyang",
        "adm0cap": 0,
        "capalt": 0,
        "capin": null,
        "worldcity": 0,
        "megacity": 1,
        "sov0name": "China",
        "sov_a3": "CHN",
        "adm0name": "China",
        "adm0_a3": "CHN",
        "adm1name": "Henan",
        "iso_a2": "CN",
        "note": null,
        "latitude": 33.00040041,
        "longitude": 112.530019896,
        "changed": 5,
        "namediff": 0,
        "diffnote": "Changed scale rank.",
        "pop_max": 1944000,
        "pop_min": 251532,
        "pop_other": 3821124,
        "rank_max": 12,
        "rank_min": 10,
        "geonameid": 1799629,
        "meganame": "Nanyang, Henan",
        "ls_name": "Nanyang",
        "ls_match": 1,
        "checkme": 0,
        "featureclass": "Populated place"
      },
      "geometry": {
        "type": "Point",
        "coordinates": [
          112.5280740378837,
          33.002346268592305
        ]
      }
    },
    {
      "type": "Feature",
      "properties": {
        "scalerank": 4,
        "natscale": 50,
        "labelrank": 1,
        "name": "锦西",
        "namepar": null,
        "namealt": "Jinxi, Liaoning",
        "diffascii": 0,
        "nameascii": "Jinxi",
        "adm0cap": 0,
        "capalt": 0,
        "capin": null,
        "worldcity": 0,
        "megacity": 1,
        "sov0name": "China",
        "sov_a3": "CHN",
        "adm0name": "China",
        "adm0_a3": "CHN",
        "adm1name": "Liaoning",
        "iso_a2": "CN",
        "note": null,
        "latitude": 40.750340799,
        "longitude": 120.829978393,
        "changed": 5,
        "namediff": 0,
        "diffnote": "Changed scale rank.",
        "pop_max": 2426000,
        "pop_min": 313247,
        "pop_other": 504254,
        "rank_max": 12,
        "rank_min": 10,
        "geonameid": 2036434,
        "meganame": "Jinxi, Liaoning",
        "ls_name": "Jinxi",
        "ls_match": 1,
        "checkme": 0,
        "featureclass": "Populated place"
      },
      "geometry": {
        "type": "Point",
        "coordinates": [
          120.82803253401062,
          40.75228665762057
        ]
      }
    },
    {
      "type": "Feature",
      "properties": {
        "scalerank": 4,
        "natscale": 50,
        "labelrank": 1,
        "name": "烟台",
        "namepar": null,
        "namealt": null,
        "diffascii": 0,
        "nameascii": "Yantai",
        "adm0cap": 0,
        "capalt": 0,
        "capin": null,
        "worldcity": 0,
        "megacity": 1,
        "sov0name": "China",
        "sov_a3": "CHN",
        "adm0name": "China",
        "adm0_a3": "CHN",
        "adm1name": "Shandong",
        "iso_a2": "CN",
        "note": null,
        "latitude": 37.5304081411,
        "longitude": 121.400021117,
        "changed": 5,
        "namediff": 0,
        "diffnote": "Changed scale rank.",
        "pop_max": 2116000,
        "pop_min": 719332,
        "pop_other": 1325121,
        "rank_max": 12,
        "rank_min": 11,
        "geonameid": 1787093,
        "meganame": "Yantai",
        "ls_name": "Yantai",
        "ls_match": 1,
        "checkme": 0,
        "featureclass": "Populated place"
      },
      "geometry": {
        "type": "Point",
        "coordinates": [
          121.39807525862216,
          37.532353999730105
        ]
      }
    },
    {
      "type": "Feature",
      "properties": {
        "scalerank": 4,
        "natscale": 50,
        "labelrank": 1,
        "name": "枣庄",
        "namepar": null,
        "namealt": null,
        "diffascii": 0,
        "nameascii": "Zaozhuang",
        "adm0cap": 0,
        "capalt": 0,
        "capin": null,
        "worldcity": 0,
        "megacity": 1,
        "sov0name": "China",
        "sov_a3": "CHN",
        "adm0name": "China",
        "adm0_a3": "CHN",
        "adm1name": "Shandong",
        "iso_a2": "CN",
        "note": null,
        "latitude": 34.8800014435,
        "longitude": 117.570022338,
        "changed": 1,
        "namediff": 0,
        "diffnote": "Changed scale rank.",
        "pop_max": 2145000,
        "pop_min": 183665,
        "pop_other": 3955122,
        "rank_max": 12,
        "rank_min": 9,
        "geonameid": 1785453,
        "meganame": "Zaozhuang",
        "ls_name": "Zaozhuang",
        "ls_match": 1,
        "checkme": 0,
        "featureclass": "Populated place"
      },
      "geometry": {
        "type": "Point",
        "coordinates": [
          117.5680764793101,
          34.881947302128424
        ]
      }
    },
    {
      "type": "Feature",
      "properties": {
        "scalerank": 4,
        "natscale": 50,
        "labelrank": 1,
        "name": "苏州",
        "namepar": null,
        "namealt": "Suzhou, Jiangsu",
        "diffascii": 0,
        "nameascii": "Suzhou",
        "adm0cap": 0,
        "capalt": 0,
        "capin": null,
        "worldcity": 0,
        "megacity": 1,
        "sov0name": "China",
        "sov_a3": "CHN",
        "adm0name": "China",
        "adm0_a3": "CHN",
        "adm1name": "Jiangsu",
        "iso_a2": "CN",
        "note": null,
        "latitude": 31.3004783315,
        "longitude": 120.620017048,
        "changed": 5,
        "namediff": 0,
        "diffnote": "Changed scale rank.",
        "pop_max": 1650000,
        "pop_min": 1343091,
        "pop_other": 3491885,
        "rank_max": 12,
        "rank_min": 12,
        "geonameid": 1886760,
        "meganame": "Suzhou, Jiangsu",
        "ls_name": "Suzhou",
        "ls_match": 1,
        "checkme": 0,
        "featureclass": "Populated place"
      },
      "geometry": {
        "type": "Point",
        "coordinates": [
          120.6180711896086,
          31.302424190135014
        ]
      }
    },
    {
      "type": "Feature",
      "properties": {
        "scalerank": 4,
        "natscale": 50,
        "labelrank": 1,
        "name": "徐州",
        "namepar": null,
        "namealt": null,
        "diffascii": 0,
        "nameascii": "Xuzhou",
        "adm0cap": 0,
        "capalt": 0,
        "capin": null,
        "worldcity": 0,
        "megacity": 1,
        "sov0name": "China",
        "sov_a3": "CHN",
        "adm0name": "China",
        "adm0_a3": "CHN",
        "adm1name": "Jiangsu",
        "iso_a2": "CN",
        "note": null,
        "latitude": 34.2800122264,
        "longitude": 117.180020303,
        "changed": 1,
        "namediff": 0,
        "diffnote": "Changed scale rank.",
        "pop_max": 2091000,
        "pop_min": 1199193,
        "pop_other": 5117330,
        "rank_max": 12,
        "rank_min": 12,
        "geonameid": 1787824,
        "meganame": "Xuzhou",
        "ls_name": "Xuzhou",
        "ls_match": 1,
        "checkme": 0,
        "featureclass": "Populated place"
      },
      "geometry": {
        "type": "Point",
        "coordinates": [
          117.17807444480309,
          34.28195808500345
        ]
      }
    },
    {
      "type": "Feature",
      "properties": {
        "scalerank": 4,
        "natscale": 50,
        "labelrank": 1,
        "name": "无锡",
        "namepar": null,
        "namealt": "Wuxi, Jiangsu",
        "diffascii": 0,
        "nameascii": "Wuxi",
        "adm0cap": 0,
        "capalt": 0,
        "capin": null,
        "worldcity": 0,
        "megacity": 1,
        "sov0name": "China",
        "sov_a3": "CHN",
        "adm0name": "China",
        "adm0_a3": "CHN",
        "adm1name": "Jiangsu",
        "iso_a2": "CN",
        "note": null,
        "latitude": 31.5799961538,
        "longitude": 120.299984903,
        "changed": 1,
        "namediff": 0,
        "diffnote": "Changed scale rank.",
        "pop_max": 1749000,
        "pop_min": 1108647,
        "pop_other": 3649352,
        "rank_max": 12,
        "rank_min": 12,
        "geonameid": 1790923,
        "meganame": "Wuxi, Jiangsu",
        "ls_name": "Wuxi",
        "ls_match": 1,
        "checkme": 0,
        "featureclass": "Populated place"
      },
      "geometry": {
        "type": "Point",
        "coordinates": [
          120.29803904442508,
          31.58194201240144
        ]
      }
    },
    {
      "type": "Feature",
      "properties": {
        "scalerank": 4,
        "natscale": 50,
        "labelrank": 1,
        "name": "吉林",
        "namepar": null,
        "namealt": null,
        "diffascii": 0,
        "nameascii": "Jilin",
        "adm0cap": 0,
        "capalt": 0,
        "capin": null,
        "worldcity": 0,
        "megacity": 1,
        "sov0name": "China",
        "sov_a3": "CHN",
        "adm0name": "China",
        "adm0_a3": "CHN",
        "adm1name": "Jilin",
        "iso_a2": "CN",
        "note": null,
        "latitude": 43.8499707225,
        "longitude": 126.550042683,
        "changed": 1,
        "namediff": 0,
        "diffnote": "Changed scale rank.",
        "pop_max": 2396000,
        "pop_min": 1881977,
        "pop_other": 1895806,
        "rank_max": 12,
        "rank_min": 12,
        "geonameid": 2036502,
        "meganame": "Jilin",
        "ls_name": "Jilin",
        "ls_match": 1,
        "checkme": 0,
        "featureclass": "Populated place"
      },
      "geometry": {
        "type": "Point",
        "coordinates": [
          126.54809682439804,
          43.85191658113547
        ]
      }
    },
    {
      "type": "Feature",
      "properties": {
        "scalerank": 4,
        "natscale": 50,
        "labelrank": 1,
        "name": "张掖",
        "namepar": null,
        "namealt": null,
        "diffascii": 0,
        "nameascii": "Zhangye",
        "adm0cap": 0,
        "capalt": 0,
        "capin": null,
        "worldcity": 0,
        "megacity": 0,
        "sov0name": "China",
        "sov_a3": "CHN",
        "adm0name": "China",
        "adm0_a3": "CHN",
        "adm1name": "Gansu",
        "iso_a2": "CN",
        "note": null,
        "latitude": 38.9299867951,
        "longitude": 100.450033731,
        "changed": 1,
        "namediff": 0,
        "diffnote": "Changed scale rank.",
        "pop_max": 230728,
        "pop_min": 96228,
        "pop_other": 191008,
        "rank_max": 10,
        "rank_min": 8,
        "geonameid": 1785036,
        "meganame": null,
        "ls_name": "Zhangye",
        "ls_match": 1,
        "checkme": 0,
        "featureclass": "Populated place"
      },
      "geometry": {
        "type": "Point",
        "coordinates": [
          100.45003373108364,
          38.92998679509401
        ]
      }
    },
    {
      "type": "Feature",
      "properties": {
        "scalerank": 4,
        "natscale": 50,
        "labelrank": 1,
        "name": "武威",
        "namepar": null,
        "namealt": null,
        "diffascii": 0,
        "nameascii": "Wuwei",
        "adm0cap": 0,
        "capalt": 0,
        "capin": null,
        "worldcity": 0,
        "megacity": 0,
        "sov0name": "China",
        "sov_a3": "CHN",
        "adm0name": "China",
        "adm0_a3": "CHN",
        "adm1name": "Gansu",
        "iso_a2": "CN",
        "note": null,
        "latitude": 37.9280066112,
        "longitude": 102.641011107,
        "changed": 4,
        "namediff": 0,
        "diffnote": "Location adjusted.",
        "pop_max": 493092,
        "pop_min": 493092,
        "pop_other": 0,
        "rank_max": 10,
        "rank_min": 10,
        "geonameid": -1,
        "meganame": null,
        "ls_name": "Wuwei",
        "ls_match": 1,
        "checkme": 0,
        "featureclass": "Populated place"
      },
      "geometry": {
        "type": "Point",
        "coordinates": [
          102.64101110739443,
          37.92800661117087
        ]
      }
    },
    {
      "type": "Feature",
      "properties": {
        "scalerank": 4,
        "natscale": 50,
        "labelrank": 1,
        "name": "敦煌",
        "namepar": null,
        "namealt": null,
        "diffascii": 0,
        "nameascii": "Dunhuang",
        "adm0cap": 0,
        "capalt": 0,
        "capin": null,
        "worldcity": 0,
        "megacity": 0,
        "sov0name": "China",
        "sov_a3": "CHN",
        "adm0name": "China",
        "adm0_a3": "CHN",
        "adm1name": "Gansu",
        "iso_a2": "CN",
        "note": null,
        "latitude": 40.1426776317,
        "longitude": 94.6620149322,
        "changed": 4,
        "namediff": 0,
        "diffnote": "Location adjusted.",
        "pop_max": 140094,
        "pop_min": 138356,
        "pop_other": 0,
        "rank_max": 9,
        "rank_min": 9,
        "geonameid": -1,
        "meganame": null,
        "ls_name": "Dunhuang",
        "ls_match": 1,
        "checkme": 0,
        "featureclass": "Populated place"
      },
      "geometry": {
        "type": "Point",
        "coordinates": [
          94.66201493223235,
          40.14267763168738
        ]
      }
    },
    {
      "type": "Feature",
      "properties": {
        "scalerank": 4,
        "natscale": 50,
        "labelrank": 1,
        "name": "天水",
        "namepar": null,
        "namealt": null,
        "diffascii": 0,
        "nameascii": "Tianshui",
        "adm0cap": 0,
        "capalt": 0,
        "capin": null,
        "worldcity": 0,
        "megacity": 1,
        "sov0name": "China",
        "sov_a3": "CHN",
        "adm0name": "China",
        "adm0_a3": "CHN",
        "adm1name": "Gansu",
        "iso_a2": "CN",
        "note": null,
        "latitude": 34.6000185334,
        "longitude": 105.919984089,
        "changed": 0,
        "namediff": 0,
        "diffnote": null,
        "pop_max": 1225000,
        "pop_min": 74767,
        "pop_other": 615940,
        "rank_max": 12,
        "rank_min": 8,
        "geonameid": 1816751,
        "meganame": "Tianshui",
        "ls_name": "Tianshui",
        "ls_match": 1,
        "checkme": 0,
        "featureclass": "Populated place"
      },
      "geometry": {
        "type": "Point",
        "coordinates": [
          105.91803823056546,
          34.60196439197097
        ]
      }
    },
    {
      "type": "Feature",
      "properties": {
        "scalerank": 4,
        "natscale": 50,
        "labelrank": 1,
        "name": "都兰",
        "namepar": null,
        "namealt": null,
        "diffascii": 0,
        "nameascii": "Dulan",
        "adm0cap": 0,
        "capalt": 0,
        "capin": null,
        "worldcity": 0,
        "megacity": 0,
        "sov0name": "China",
        "sov_a3": "CHN",
        "adm0name": "China",
        "adm0_a3": "CHN",
        "adm1name": "Gansu",
        "iso_a2": "CN",
        "note": null,
        "latitude": 36.1665895783,
        "longitude": 98.2666011139,
        "changed": 0,
        "namediff": 0,
        "diffnote": null,
        "pop_max": 100,
        "pop_min": 0,
        "pop_other": 0,
        "rank_max": 1,
        "rank_min": 0,
        "geonameid": -1,
        "meganame": null,
        "ls_name": "Dulan",
        "ls_match": 0,
        "checkme": 0,
        "featureclass": "Populated place"
      },
      "geometry": {
        "type": "Point",
        "coordinates": [
          98.26660111388742,
          36.16658957828611
        ]
      }
    },
    {
      "type": "Feature",
      "properties": {
        "scalerank": 4,
        "natscale": 50,
        "labelrank": 1,
        "name": "格尔木",
        "namepar": null,
        "namealt": null,
        "diffascii": 0,
        "nameascii": "Golmud",
        "adm0cap": 0,
        "capalt": 0,
        "capin": null,
        "worldcity": 0,
        "megacity": 0,
        "sov0name": "China",
        "sov_a3": "CHN",
        "adm0name": "China",
        "adm0_a3": "CHN",
        "adm1name": "Gansu",
        "iso_a2": "CN",
        "note": null,
        "latitude": 36.4166259959,
        "longitude": 94.8833450917,
        "changed": 0,
        "namediff": 0,
        "diffnote": null,
        "pop_max": 107092,
        "pop_min": 107092,
        "pop_other": 104847,
        "rank_max": 9,
        "rank_min": 9,
        "geonameid": 1281184,
        "meganame": null,
        "ls_name": "Golmud",
        "ls_match": 1,
        "checkme": 0,
        "featureclass": "Populated place"
      },
      "geometry": {
        "type": "Point",
        "coordinates": [
          94.88334509173848,
          36.41662599593042
        ]
      }
    },
    {
      "type": "Feature",
      "properties": {
        "scalerank": 4,
        "natscale": 50,
        "labelrank": 1,
        "name": "榆林",
        "namepar": null,
        "namealt": "Yulin, Guangxi",
        "diffascii": 0,
        "nameascii": "Yulin",
        "adm0cap": 0,
        "capalt": 0,
        "capin": null,
        "worldcity": 0,
        "megacity": 1,
        "sov0name": "China",
        "sov_a3": "CHN",
        "adm0name": "China",
        "adm0_a3": "CHN",
        "adm1name": "Guangxi",
        "iso_a2": "CN",
        "note": null,
        "latitude": 22.6299739776,
        "longitude": 110.150010131,
        "changed": 0,
        "namediff": 0,
        "diffnote": null,
        "pop_max": 1127000,
        "pop_min": 148485,
        "pop_other": 2026159,
        "rank_max": 12,
        "rank_min": 9,
        "geonameid": 1785781,
        "meganame": "Yulin, Guangxi",
        "ls_name": "Yulin1",
        "ls_match": 1,
        "checkme": 0,
        "featureclass": "Populated place"
      },
      "geometry": {
        "type": "Point",
        "coordinates": [
          110.14806427224903,
          22.631919836258987
        ]
      }
    },
    {
      "type": "Feature",
      "properties": {
        "scalerank": 4,
        "natscale": 50,
        "labelrank": 1,
        "name": "百色",
        "namepar": null,
        "namealt": null,
        "diffascii": 0,
        "nameascii": "Bose",
        "adm0cap": 0,
        "capalt": 0,
        "capin": null,
        "worldcity": 0,
        "megacity": 0,
        "sov0name": "China",
        "sov_a3": "CHN",
        "adm0name": "China",
        "adm0_a3": "CHN",
        "adm1name": "Guangxi",
        "iso_a2": "CN",
        "note": null,
        "latitude": 23.8997155955,
        "longitude": 106.613326781,
        "changed": 0,
        "namediff": 0,
        "diffnote": null,
        "pop_max": 175282,
        "pop_min": 90603,
        "pop_other": 175282,
        "rank_max": 9,
        "rank_min": 8,
        "geonameid": 1816269,
        "meganame": null,
        "ls_name": "Bose",
        "ls_match": 1,
        "checkme": 0,
        "featureclass": "Populated place"
      },
      "geometry": {
        "type": "Point",
        "coordinates": [
          106.61332678123836,
          23.899715595489738
        ]
      }
    },
    {
      "type": "Feature",
      "properties": {
        "scalerank": 4,
        "natscale": 50,
        "labelrank": 1,
        "name": "梧州",
        "namepar": null,
        "namealt": null,
        "diffascii": 0,
        "nameascii": "Wuzhou",
        "adm0cap": 0,
        "capalt": 0,
        "capin": null,
        "worldcity": 0,
        "megacity": 0,
        "sov0name": "China",
        "sov_a3": "CHN",
        "adm0name": "China",
        "adm0_a3": "CHN",
        "adm1name": "Guangxi",
        "iso_a2": "CN",
        "note": null,
        "latitude": 23.4800254506,
        "longitude": 111.320016234,
        "changed": 0,
        "namediff": 0,
        "diffnote": null,
        "pop_max": 442315,
        "pop_min": 265846,
        "pop_other": 441998,
        "rank_max": 10,
        "rank_min": 10,
        "geonameid": 1790840,
        "meganame": null,
        "ls_name": "Wuzhou",
        "ls_match": 1,
        "checkme": 0,
        "featureclass": "Populated place"
      },
      "geometry": {
        "type": "Point",
        "coordinates": [
          111.32001623438236,
          23.480025450631217
        ]
      }
    },
    {
      "type": "Feature",
      "properties": {
        "scalerank": 4,
        "natscale": 50,
        "labelrank": 1,
        "name": "六盘水",
        "namepar": null,
        "namealt": null,
        "diffascii": 0,
        "nameascii": "Lupanshui",
        "adm0cap": 0,
        "capalt": 0,
        "capin": null,
        "worldcity": 0,
        "megacity": 0,
        "sov0name": "China",
        "sov_a3": "CHN",
        "adm0name": "China",
        "adm0_a3": "CHN",
        "adm1name": "Guizhou",
        "iso_a2": "CN",
        "note": null,
        "latitude": 26.5944348338,
        "longitude": 104.833332071,
        "changed": 0,
        "namediff": 0,
        "diffnote": null,
        "pop_max": 1221000,
        "pop_min": 551512,
        "pop_other": 538534,
        "rank_max": 12,
        "rank_min": 11,
        "geonameid": -1123,
        "meganame": "Liupanshui",
        "ls_name": "Lupanshui",
        "ls_match": 1,
        "checkme": 0,
        "featureclass": "Populated place"
      },
      "geometry": {
        "type": "Point",
        "coordinates": [
          104.831386212332,
          26.59638069239469
        ]
      }
    },
    {
      "type": "Feature",
      "properties": {
        "scalerank": 4,
        "natscale": 50,
        "labelrank": 1,
        "name": "泉州",
        "namepar": null,
        "namealt": null,
        "diffascii": 0,
        "nameascii": "Quanzhou",
        "adm0cap": 0,
        "capalt": 0,
        "capin": null,
        "worldcity": 0,
        "megacity": 1,
        "sov0name": "China",
        "sov_a3": "CHN",
        "adm0name": "China",
        "adm0_a3": "CHN",
        "adm1name": "Fujian",
        "iso_a2": "CN",
        "note": null,
        "latitude": 24.9000162954,
        "longitude": 118.579986531,
        "changed": 0,
        "namediff": 0,
        "diffnote": null,
        "pop_max": 1463000,
        "pop_min": 184143,
        "pop_other": 5270543,
        "rank_max": 12,
        "rank_min": 9,
        "geonameid": 1797353,
        "meganame": "Quanzhou",
        "ls_name": "Quanzhou",
        "ls_match": 1,
        "checkme": 0,
        "featureclass": "Populated place"
      },
      "geometry": {
        "type": "Point",
        "coordinates": [
          118.57804067202244,
          24.901962153976513
        ]
      }
    },
    {
      "type": "Feature",
      "properties": {
        "scalerank": 4,
        "natscale": 50,
        "labelrank": 1,
        "name": "合肥",
        "namepar": null,
        "namealt": null,
        "diffascii": 0,
        "nameascii": "Hefei",
        "adm0cap": 0,
        "capalt": 0,
        "capin": null,
        "worldcity": 0,
        "megacity": 1,
        "sov0name": "China",
        "sov_a3": "CHN",
        "adm0name": "China",
        "adm0_a3": "CHN",
        "adm1name": "Anhui",
        "iso_a2": "CN",
        "note": null,
        "latitude": 31.8500313507,
        "longitude": 117.2800142,
        "changed": 2,
        "namediff": 0,
        "diffnote": "Changed scale rank.",
        "pop_max": 2035000,
        "pop_min": 1388904,
        "pop_other": 2338961,
        "rank_max": 12,
        "rank_min": 12,
        "geonameid": 1808722,
        "meganame": "Hefei",
        "ls_name": "Hefei",
        "ls_match": 1,
        "checkme": 0,
        "featureclass": "Admin-1 capital"
      },
      "geometry": {
        "type": "Point",
        "coordinates": [
          117.27806834128808,
          31.851977209342863
        ]
      }
    },
    {
      "type": "Feature",
      "properties": {
        "scalerank": 4,
        "natscale": 50,
        "labelrank": 1,
        "name": "苏州",
        "namepar": null,
        "namealt": "Suzhou, Anhui",
        "diffascii": 0,
        "nameascii": "Suzhou",
        "adm0cap": 0,
        "capalt": 0,
        "capin": null,
        "worldcity": 0,
        "megacity": 1,
        "sov0name": "China",
        "sov_a3": "CHN",
        "adm0name": "China",
        "adm0_a3": "CHN",
        "adm1name": "Anhui",
        "iso_a2": "CN",
        "note": "1",
        "latitude": 33.6361111,
        "longitude": 116.9788889,
        "changed": 1,
        "namediff": 0,
        "diffnote": "Added from GeoNames for UN mega cities.",
        "pop_max": 1964000,
        "pop_min": 1964000,
        "pop_other": 0,
        "rank_max": 12,
        "rank_min": 12,
        "geonameid": 1793743,
        "meganame": "Suzhou, Anhui",
        "ls_name": null,
        "ls_match": 0,
        "checkme": 0,
        "featureclass": "Populated place"
      },
      "geometry": {
        "type": "Point",
        "coordinates": [
          116.97694304138713,
          33.63805695861305
        ]
      }
    },
    {
      "type": "Feature",
      "properties": {
        "scalerank": 4,
        "natscale": 50,
        "labelrank": 1,
        "name": "湛江",
        "namepar": null,
        "namealt": null,
        "diffascii": 0,
        "nameascii": "Zhanjiang",
        "adm0cap": 0,
        "capalt": 0,
        "capin": null,
        "worldcity": 0,
        "megacity": 1,
        "sov0name": "China",
        "sov_a3": "CHN",
        "adm0name": "China",
        "adm0_a3": "CHN",
        "adm1name": "Guangdong",
        "iso_a2": "CN",
        "note": null,
        "latitude": 21.1999837433,
        "longitude": 110.380021931,
        "changed": 0,
        "namediff": 0,
        "diffnote": null,
        "pop_max": 1590000,
        "pop_min": 637790,
        "pop_other": 2179843,
        "rank_max": 12,
        "rank_min": 11,
        "geonameid": 1784990,
        "meganame": "Zhanjiang",
        "ls_name": "Zhanjiang",
        "ls_match": 1,
        "checkme": 0,
        "featureclass": "Populated place"
      },
      "geometry": {
        "type": "Point",
        "coordinates": [
          110.37807607238017,
          21.20192960187819
        ]
      }
    },
    {
      "type": "Feature",
      "properties": {
        "scalerank": 4,
        "natscale": 50,
        "labelrank": 1,
        "name": "韶关",
        "namepar": null,
        "namealt": null,
        "diffascii": 0,
        "nameascii": "Shaoguan",
        "adm0cap": 0,
        "capalt": 0,
        "capin": null,
        "worldcity": 0,
        "megacity": 0,
        "sov0name": "China",
        "sov_a3": "CHN",
        "adm0name": "China",
        "adm0_a3": "CHN",
        "adm1name": "Guangdong",
        "iso_a2": "CN",
        "note": null,
        "latitude": 24.7999707224,
        "longitude": 113.579981648,
        "changed": 0,
        "namediff": 0,
        "diffnote": null,
        "pop_max": 720266,
        "pop_min": 628749,
        "pop_other": 715347,
        "rank_max": 11,
        "rank_min": 11,
        "geonameid": 1795874,
        "meganame": null,
        "ls_name": "Shaoguan",
        "ls_match": 1,
        "checkme": 0,
        "featureclass": "Populated place"
      },
      "geometry": {
        "type": "Point",
        "coordinates": [
          113.57998164780281,
          24.799970722446346
        ]
      }
    },
    {
      "type": "Feature",
      "properties": {
        "scalerank": 4,
        "natscale": 50,
        "labelrank": 1,
        "name": "日喀则",
        "namepar": null,
        "namealt": null,
        "diffascii": 0,
        "nameascii": "Xigaze",
        "adm0cap": 0,
        "capalt": 0,
        "capin": null,
        "worldcity": 0,
        "megacity": 0,
        "sov0name": "China",
        "sov_a3": "CHN",
        "adm0name": "China",
        "adm0_a3": "CHN",
        "adm1name": "Xizang",
        "iso_a2": "CN",
        "note": null,
        "latitude": 29.2500091746,
        "longitude": 88.8833495676,
        "changed": 0,
        "namediff": 0,
        "diffnote": null,
        "pop_max": 80000,
        "pop_min": 38629,
        "pop_other": 0,
        "rank_max": 8,
        "rank_min": 7,
        "geonameid": 1279715,
        "meganame": null,
        "ls_name": "Xigaze",
        "ls_match": 1,
        "checkme": 0,
        "featureclass": "Populated place"
      },
      "geometry": {
        "type": "Point",
        "coordinates": [
          88.88334956762583,
          29.25000917461267
        ]
      }
    },
    {
      "type": "Feature",
      "properties": {
        "scalerank": 4,
        "natscale": 50,
        "labelrank": 1,
        "name": "莎车",
        "namepar": null,
        "namealt": null,
        "diffascii": 0,
        "nameascii": "Shache",
        "adm0cap": 0,
        "capalt": 0,
        "capin": null,
        "worldcity": 0,
        "megacity": 0,
        "sov0name": "China",
        "sov_a3": "CHN",
        "adm0name": "China",
        "adm0_a3": "CHN",
        "adm1name": "Xinjiang Uygur",
        "iso_a2": "CN",
        "note": null,
        "latitude": 38.4261415802,
        "longitude": 77.2500028065,
        "changed": 0,
        "namediff": 0,
        "diffnote": null,
        "pop_max": 373492,
        "pop_min": 191291,
        "pop_other": 191291,
        "rank_max": 10,
        "rank_min": 9,
        "geonameid": 1280037,
        "meganame": null,
        "ls_name": "Shache",
        "ls_match": 1,
        "checkme": 0,
        "featureclass": "Populated place"
      },
      "geometry": {
        "type": "Point",
        "coordinates": [
          77.25000280651165,
          38.42614158024821
        ]
      }
    },
    {
      "type": "Feature",
      "properties": {
        "scalerank": 4,
        "natscale": 50,
        "labelrank": 1,
        "name": "伊宁",
        "namepar": null,
        "namealt": null,
        "diffascii": 0,
        "nameascii": "Yining",
        "adm0cap": 0,
        "capalt": 0,
        "capin": null,
        "worldcity": 0,
        "megacity": 0,
        "sov0name": "China",
        "sov_a3": "CHN",
        "adm0name": "China",
        "adm0_a3": "CHN",
        "adm1name": "Xinjiang Uygur",
        "iso_a2": "CN",
        "note": null,
        "latitude": 43.9000193472,
        "longitude": 81.3500109445,
        "changed": 0,
        "namediff": 0,
        "diffnote": null,
        "pop_max": 403489,
        "pop_min": 403489,
        "pop_other": 385821,
        "rank_max": 10,
        "rank_min": 10,
        "geonameid": -1,
        "meganame": null,
        "ls_name": "Yining",
        "ls_match": 1,
        "checkme": 0,
        "featureclass": "Populated place"
      },
      "geometry": {
        "type": "Point",
        "coordinates": [
          81.35001094454879,
          43.9000193471972
        ]
      }
    },
    {
      "type": "Feature",
      "properties": {
        "scalerank": 4,
        "natscale": 50,
        "labelrank": 1,
        "name": "阿勒泰",
        "namepar": null,
        "namealt": null,
        "diffascii": 0,
        "nameascii": "Altay",
        "adm0cap": 0,
        "capalt": 0,
        "capin": null,
        "worldcity": 0,
        "megacity": 0,
        "sov0name": "China",
        "sov_a3": "CHN",
        "adm0name": "China",
        "adm0_a3": "CHN",
        "adm1name": "Xinjiang Uygur",
        "iso_a2": "CN",
        "note": null,
        "latitude": 47.8665989371,
        "longitude": 88.1166263417,
        "changed": 0,
        "namediff": 0,
        "diffnote": null,
        "pop_max": 142000,
        "pop_min": 139341,
        "pop_other": 0,
        "rank_max": 9,
        "rank_min": 9,
        "geonameid": 1529651,
        "meganame": null,
        "ls_name": "Altay",
        "ls_match": 1,
        "checkme": 0,
        "featureclass": "Populated place"
      },
      "geometry": {
        "type": "Point",
        "coordinates": [
          88.11662634171137,
          47.866598937056835
        ]
      }
    },
    {
      "type": "Feature",
      "properties": {
        "scalerank": 4,
        "natscale": 50,
        "labelrank": 1,
        "name": "石嘴山",
        "namepar": null,
        "namealt": null,
        "diffascii": 0,
        "nameascii": "Shizuishan",
        "adm0cap": 0,
        "capalt": 0,
        "capin": null,
        "worldcity": 0,
        "megacity": 0,
        "sov0name": "China",
        "sov_a3": "CHN",
        "adm0name": "China",
        "adm0_a3": "CHN",
        "adm1name": "Ningxia Hui",
        "iso_a2": "CN",
        "note": null,
        "latitude": 39.2332757762,
        "longitude": 106.769027872,
        "changed": 0,
        "namediff": 0,
        "diffnote": null,
        "pop_max": 136570,
        "pop_min": 83078,
        "pop_other": 82297,
        "rank_max": 9,
        "rank_min": 8,
        "geonameid": 1794806,
        "meganame": null,
        "ls_name": "Shizuishan",
        "ls_match": 1,
        "checkme": 2,
        "featureclass": "Populated place"
      },
      "geometry": {
        "type": "Point",
        "coordinates": [
          106.7690278717339,
          39.233275776215066
        ]
      }
    },
    {
      "type": "Feature",
      "properties": {
        "scalerank": 4,
        "natscale": 50,
        "labelrank": 1,
        "name": "榆林",
        "namepar": null,
        "namealt": null,
        "diffascii": 0,
        "nameascii": "Yulin",
        "adm0cap": 0,
        "capalt": 0,
        "capin": null,
        "worldcity": 0,
        "megacity": 0,
        "sov0name": "China",
        "sov_a3": "CHN",
        "adm0name": "China",
        "adm0_a3": "CHN",
        "adm1name": "Shaanxi",
        "iso_a2": "CN",
        "note": null,
        "latitude": 38.2833079214,
        "longitude": 109.733291381,
        "changed": 0,
        "namediff": 0,
        "diffnote": null,
        "pop_max": 155960,
        "pop_min": 90870,
        "pop_other": 2026159,
        "rank_max": 9,
        "rank_min": 8,
        "geonameid": 1785777,
        "meganame": null,
        "ls_name": "Yulin2",
        "ls_match": 1,
        "checkme": 0,
        "featureclass": "Populated place"
      },
      "geometry": {
        "type": "Point",
        "coordinates": [
          109.7332913808603,
          38.2833079213936
        ]
      }
    },
    {
      "type": "Feature",
      "properties": {
        "scalerank": 4,
        "natscale": 50,
        "labelrank": 1,
        "name": "安康",
        "namepar": null,
        "namealt": null,
        "diffascii": 0,
        "nameascii": "Ankang",
        "adm0cap": 0,
        "capalt": 0,
        "capin": null,
        "worldcity": 0,
        "megacity": 0,
        "sov0name": "China",
        "sov_a3": "CHN",
        "adm0name": "China",
        "adm0_a3": "CHN",
        "adm1name": "Shaanxi",
        "iso_a2": "CN",
        "note": null,
        "latitude": 32.6799806916,
        "longitude": 109.020001586,
        "changed": 0,
        "namediff": 0,
        "diffnote": null,
        "pop_max": 1100000,
        "pop_min": 950000,
        "pop_other": 758163,
        "rank_max": 12,
        "rank_min": 11,
        "geonameid": 1789065,
        "meganame": null,
        "ls_name": "Ankang",
        "ls_match": 1,
        "checkme": 0,
        "featureclass": "Populated place"
      },
      "geometry": {
        "type": "Point",
        "coordinates": [
          109.02000158593569,
          32.679980691553396
        ]
      }
    },
    {
      "type": "Feature",
      "properties": {
        "scalerank": 4,
        "natscale": 50,
        "labelrank": 1,
        "name": "侯马",
        "namepar": null,
        "namealt": null,
        "diffascii": 0,
        "nameascii": "Houma",
        "adm0cap": 0,
        "capalt": 0,
        "capin": null,
        "worldcity": 0,
        "megacity": 0,
        "sov0name": "China",
        "sov_a3": "CHN",
        "adm0name": "China",
        "adm0_a3": "CHN",
        "adm1name": "Shanxi",
        "iso_a2": "CN",
        "note": null,
        "latitude": 35.6199821157,
        "longitude": 111.20999711,
        "changed": 0,
        "namediff": 0,
        "diffnote": null,
        "pop_max": 102400,
        "pop_min": 102400,
        "pop_other": 64592,
        "rank_max": 9,
        "rank_min": 9,
        "geonameid": -1,
        "meganame": null,
        "ls_name": "Houma2",
        "ls_match": 1,
        "checkme": 0,
        "featureclass": "Populated place"
      },
      "geometry": {
        "type": "Point",
        "coordinates": [
          111.20999711003287,
          35.61998211571881
        ]
      }
    },
    {
      "type": "Feature",
      "properties": {
        "scalerank": 4,
        "natscale": 50,
        "labelrank": 1,
        "name": "岳阳",
        "namepar": null,
        "namealt": null,
        "diffascii": 0,
        "nameascii": "Yueyang",
        "adm0cap": 0,
        "capalt": 0,
        "capin": null,
        "worldcity": 0,
        "megacity": 1,
        "sov0name": "China",
        "sov_a3": "CHN",
        "adm0name": "China",
        "adm0_a3": "CHN",
        "adm1name": "Hunan",
        "iso_a2": "CN",
        "note": null,
        "latitude": 29.3800529165,
        "longitude": 113.100010945,
        "changed": 0,
        "namediff": 0,
        "diffnote": null,
        "pop_max": 826000,
        "pop_min": 826000,
        "pop_other": 1551807,
        "rank_max": 11,
        "rank_min": 11,
        "geonameid": 1785884,
        "meganame": "Yueyang",
        "ls_name": "Yueyang",
        "ls_match": 1,
        "checkme": 0,
        "featureclass": "Populated place"
      },
      "geometry": {
        "type": "Point",
        "coordinates": [
          113.098065086063,
          29.38199877508805
        ]
      }
    },
    {
      "type": "Feature",
      "properties": {
        "scalerank": 4,
        "natscale": 50,
        "labelrank": 1,
        "name": "衡阳",
        "namepar": null,
        "namealt": null,
        "diffascii": 0,
        "nameascii": "Hengyang",
        "adm0cap": 0,
        "capalt": 0,
        "capin": null,
        "worldcity": 0,
        "megacity": 1,
        "sov0name": "China",
        "sov_a3": "CHN",
        "adm0name": "China",
        "adm0_a3": "CHN",
        "adm1name": "Hunan",
        "iso_a2": "CN",
        "note": null,
        "latitude": 26.8800246368,
        "longitude": 112.590016234,
        "changed": 0,
        "namediff": 0,
        "diffnote": null,
        "pop_max": 1016000,
        "pop_min": 759602,
        "pop_other": 956033,
        "rank_max": 12,
        "rank_min": 11,
        "geonameid": 1808370,
        "meganame": "Hengyang",
        "ls_name": "Hengyang",
        "ls_match": 1,
        "checkme": 0,
        "featureclass": "Populated place"
      },
      "geometry": {
        "type": "Point",
        "coordinates": [
          112.58807037577469,
          26.881970495455846
        ]
      }
    },
    {
      "type": "Feature",
      "properties": {
        "scalerank": 4,
        "natscale": 50,
        "labelrank": 1,
        "name": "绵阳",
        "namepar": null,
        "namealt": "Mianyang, Sichuan",
        "diffascii": 0,
        "nameascii": "Mianyang",
        "adm0cap": 0,
        "capalt": 0,
        "capin": null,
        "worldcity": 0,
        "megacity": 1,
        "sov0name": "China",
        "sov_a3": "CHN",
        "adm0name": "China",
        "adm0_a3": "CHN",
        "adm1name": "Sichuan",
        "iso_a2": "CN",
        "note": null,
        "latitude": 31.4699770294,
        "longitude": 104.769976765,
        "changed": 0,
        "namediff": 0,
        "diffnote": null,
        "pop_max": 1396000,
        "pop_min": 264136,
        "pop_other": 3805334,
        "rank_max": 12,
        "rank_min": 10,
        "geonameid": 1800627,
        "meganame": "Mianyang, Sichuan",
        "ls_name": "Mianyang",
        "ls_match": 1,
        "checkme": 0,
        "featureclass": "Populated place"
      },
      "geometry": {
        "type": "Point",
        "coordinates": [
          104.76803090634212,
          31.47192288805212
        ]
      }
    },
    {
      "type": "Feature",
      "properties": {
        "scalerank": 4,
        "natscale": 50,
        "labelrank": 1,
        "name": "西昌",
        "namepar": null,
        "namealt": null,
        "diffascii": 0,
        "nameascii": "Xichang",
        "adm0cap": 0,
        "capalt": 0,
        "capin": null,
        "worldcity": 0,
        "megacity": 0,
        "sov0name": "China",
        "sov_a3": "CHN",
        "adm0name": "China",
        "adm0_a3": "CHN",
        "adm1name": "Sichuan",
        "iso_a2": "CN",
        "note": null,
        "latitude": 27.8800152781,
        "longitude": 102.299998331,
        "changed": 1,
        "namediff": 0,
        "diffnote": "Changed scale rank.",
        "pop_max": 379993,
        "pop_min": 126787,
        "pop_other": 379195,
        "rank_max": 10,
        "rank_min": 9,
        "geonameid": 1789647,
        "meganame": null,
        "ls_name": "Xichang",
        "ls_match": 1,
        "checkme": 0,
        "featureclass": "Populated place"
      },
      "geometry": {
        "type": "Point",
        "coordinates": [
          102.29999833070036,
          27.880015278122755
        ]
      }
    },
    {
      "type": "Feature",
      "properties": {
        "scalerank": 4,
        "natscale": 50,
        "labelrank": 1,
        "name": "保山",
        "namepar": null,
        "namealt": null,
        "diffascii": 0,
        "nameascii": "Baoshan",
        "adm0cap": 0,
        "capalt": 0,
        "capin": null,
        "worldcity": 0,
        "megacity": 0,
        "sov0name": "China",
        "sov_a3": "CHN",
        "adm0name": "China",
        "adm0_a3": "CHN",
        "adm1name": "Yunnan",
        "iso_a2": "CN",
        "note": null,
        "latitude": 25.1199770294,
        "longitude": 99.1500097239,
        "changed": 0,
        "namediff": 0,
        "diffnote": null,
        "pop_max": 1000000,
        "pop_min": 850000,
        "pop_other": 455494,
        "rank_max": 11,
        "rank_min": 11,
        "geonameid": -1,
        "meganame": null,
        "ls_name": "Baoshan",
        "ls_match": 1,
        "checkme": 0,
        "featureclass": "Populated place"
      },
      "geometry": {
        "type": "Point",
        "coordinates": [
          99.15000972391692,
          25.11997702941386
        ]
      }
    },
    {
      "type": "Feature",
      "properties": {
        "scalerank": 4,
        "natscale": 50,
        "labelrank": 1,
        "name": "个旧",
        "namepar": null,
        "namealt": null,
        "diffascii": 0,
        "nameascii": "Gejiu",
        "adm0cap": 0,
        "capalt": 0,
        "capin": null,
        "worldcity": 0,
        "megacity": 0,
        "sov0name": "China",
        "sov_a3": "CHN",
        "adm0name": "China",
        "adm0_a3": "CHN",
        "adm1name": "Yunnan",
        "iso_a2": "CN",
        "note": null,
        "latitude": 23.3799798777,
        "longitude": 103.150075642,
        "changed": 0,
        "namediff": 0,
        "diffnote": null,
        "pop_max": 149105,
        "pop_min": 136135,
        "pop_other": 320365,
        "rank_max": 9,
        "rank_min": 9,
        "geonameid": 1810240,
        "meganame": null,
        "ls_name": "Gejiu",
        "ls_match": 1,
        "checkme": 0,
        "featureclass": "Populated place"
      },
      "geometry": {
        "type": "Point",
        "coordinates": [
          103.15007564190165,
          23.379979877714106
        ]
      }
    },
    {
      "type": "Feature",
      "properties": {
        "scalerank": 4,
        "natscale": 50,
        "labelrank": 1,
        "name": "石家庄",
        "namepar": null,
        "namealt": "Shijiazhuang",
        "diffascii": 0,
        "nameascii": "Shijianzhuang",
        "adm0cap": 0,
        "capalt": 0,
        "capin": null,
        "worldcity": 0,
        "megacity": 1,
        "sov0name": "China",
        "sov_a3": "CHN",
        "adm0name": "China",
        "adm0_a3": "CHN",
        "adm1name": "Hebei",
        "iso_a2": "CN",
        "note": null,
        "latitude": 38.0500146678,
        "longitude": 114.479978393,
        "changed": 0,
        "namediff": 0,
        "diffnote": null,
        "pop_max": 2417000,
        "pop_min": 1992474,
        "pop_other": 5330611,
        "rank_max": 12,
        "rank_min": 12,
        "geonameid": 1795270,
        "meganame": "Shijiazhuang",
        "ls_name": "Shijianzhuang",
        "ls_match": 1,
        "checkme": 0,
        "featureclass": "Populated place"
      },
      "geometry": {
        "type": "Point",
        "coordinates": [
          114.47803253398513,
          38.05196052642481
        ]
      }
    },
    {
      "type": "Feature",
      "properties": {
        "scalerank": 4,
        "natscale": 50,
        "labelrank": 1,
        "name": "邯郸",
        "namepar": null,
        "namealt": null,
        "diffascii": 0,
        "nameascii": "Handan",
        "adm0cap": 0,
        "capalt": 0,
        "capin": null,
        "worldcity": 0,
        "megacity": 1,
        "sov0name": "China",
        "sov_a3": "CHN",
        "adm0name": "China",
        "adm0_a3": "CHN",
        "adm1name": "Hebei",
        "iso_a2": "CN",
        "note": null,
        "latitude": 36.5799751984,
        "longitude": 114.479978393,
        "changed": 0,
        "namediff": 0,
        "diffnote": null,
        "pop_max": 1631000,
        "pop_min": 1358318,
        "pop_other": 4753535,
        "rank_max": 12,
        "rank_min": 12,
        "geonameid": 1808963,
        "meganame": "Handan",
        "ls_name": "Handan",
        "ls_match": 1,
        "checkme": 0,
        "featureclass": "Populated place"
      },
      "geometry": {
        "type": "Point",
        "coordinates": [
          114.47803253398513,
          36.58192105701795
        ]
      }
    },
    {
      "type": "Feature",
      "properties": {
        "scalerank": 4,
        "natscale": 50,
        "labelrank": 1,
        "name": "鞍山",
        "namepar": null,
        "namealt": "Anshan, Liaoning",
        "diffascii": 0,
        "nameascii": "Anshan",
        "adm0cap": 0,
        "capalt": 0,
        "capin": null,
        "worldcity": 0,
        "megacity": 1,
        "sov0name": "China",
        "sov_a3": "CHN",
        "adm0name": "China",
        "adm0_a3": "CHN",
        "adm1name": "Liaoning",
        "iso_a2": "CN",
        "note": null,
        "latitude": 41.1150213817,
        "longitude": 122.940030476,
        "changed": 0,
        "namediff": 0,
        "diffnote": null,
        "pop_max": 1639000,
        "pop_min": 1199275,
        "pop_other": 2129787,
        "rank_max": 12,
        "rank_min": 12,
        "geonameid": 2038632,
        "meganame": "Anshan, Liaoning",
        "ls_name": "Anshan",
        "ls_match": 1,
        "checkme": 0,
        "featureclass": "Populated place"
      },
      "geometry": {
        "type": "Point",
        "coordinates": [
          122.93808461735227,
          41.11696724030418
        ]
      }
    },
    {
      "type": "Feature",
      "properties": {
        "scalerank": 4,
        "natscale": 50,
        "labelrank": 1,
        "name": "大连",
        "namepar": null,
        "namealt": null,
        "diffascii": 0,
        "nameascii": "Dalian",
        "adm0cap": 0,
        "capalt": 0,
        "capin": null,
        "worldcity": 0,
        "megacity": 1,
        "sov0name": "China",
        "sov_a3": "CHN",
        "adm0name": "China",
        "adm0_a3": "CHN",
        "adm1name": "Liaoning",
        "iso_a2": "CN",
        "note": null,
        "latitude": 38.9228383932,
        "longitude": 121.629830838,
        "changed": 0,
        "namediff": 0,
        "diffnote": null,
        "pop_max": 3167000,
        "pop_min": 2035307,
        "pop_other": 2009198,
        "rank_max": 12,
        "rank_min": 12,
        "geonameid": 1814087,
        "meganame": "Dalian",
        "ls_name": "Dalian",
        "ls_match": 1,
        "checkme": 0,
        "featureclass": "Populated place"
      },
      "geometry": {
        "type": "Point",
        "coordinates": [
          121.62788497900601,
          38.92478425181571
        ]
      }
    },
    {
      "type": "Feature",
      "properties": {
        "scalerank": 4,
        "natscale": 50,
        "labelrank": 1,
        "name": "青岛",
        "namepar": null,
        "namealt": null,
        "diffascii": 0,
        "nameascii": "Qingdao",
        "adm0cap": 0,
        "capalt": 0,
        "capin": null,
        "worldcity": 0,
        "megacity": 1,
        "sov0name": "China",
        "sov_a3": "CHN",
        "adm0name": "China",
        "adm0_a3": "CHN",
        "adm1name": "Shandong",
        "iso_a2": "CN",
        "note": null,
        "latitude": 36.0899792674,
        "longitude": 120.33000891,
        "changed": 0,
        "namediff": 0,
        "diffnote": null,
        "pop_max": 2866000,
        "pop_min": 1642245,
        "pop_other": 3248858,
        "rank_max": 12,
        "rank_min": 12,
        "geonameid": 1797929,
        "meganame": "Qingdao",
        "ls_name": "Qingdao",
        "ls_match": 1,
        "checkme": 0,
        "featureclass": "Populated place"
      },
      "geometry": {
        "type": "Point",
        "coordinates": [
          120.32806305158692,
          36.09192512602641
        ]
      }
    },
    {
      "type": "Feature",
      "properties": {
        "scalerank": 4,
        "natscale": 50,
        "labelrank": 1,
        "name": "临沂",
        "namepar": null,
        "namealt": "Linyi, Shandong",
        "diffascii": 0,
        "nameascii": "Linyi",
        "adm0cap": 0,
        "capalt": 0,
        "capin": null,
        "worldcity": 0,
        "megacity": 1,
        "sov0name": "China",
        "sov_a3": "CHN",
        "adm0name": "China",
        "adm0_a3": "CHN",
        "adm1name": "Shandong",
        "iso_a2": "CN",
        "note": null,
        "latitude": 35.0799892365,
        "longitude": 118.329975951,
        "changed": 0,
        "namediff": 0,
        "diffnote": null,
        "pop_max": 2082000,
        "pop_min": 270669,
        "pop_other": 3843342,
        "rank_max": 12,
        "rank_min": 10,
        "geonameid": 1803318,
        "meganame": "Linyi, Shandong",
        "ls_name": "Linyi",
        "ls_match": 1,
        "checkme": 0,
        "featureclass": "Populated place"
      },
      "geometry": {
        "type": "Point",
        "coordinates": [
          118.3280300925943,
          35.08193509509789
        ]
      }
    },
    {
      "type": "Feature",
      "properties": {
        "scalerank": 4,
        "natscale": 50,
        "labelrank": 1,
        "name": "淮阴",
        "namepar": null,
        "namealt": "Huai'an",
        "diffascii": 0,
        "nameascii": "Huaiyin",
        "adm0cap": 0,
        "capalt": 0,
        "capin": null,
        "worldcity": 0,
        "megacity": 1,
        "sov0name": "China",
        "sov_a3": "CHN",
        "adm0name": "China",
        "adm0_a3": "CHN",
        "adm1name": "Jiangsu",
        "iso_a2": "CN",
        "note": null,
        "latitude": 33.5800032746,
        "longitude": 119.029984903,
        "changed": 0,
        "namediff": 0,
        "diffnote": null,
        "pop_max": 1264000,
        "pop_min": 555230,
        "pop_other": 7069504,
        "rank_max": 12,
        "rank_min": 11,
        "geonameid": 1797873,
        "meganame": "Huai'an",
        "ls_name": "Huaiyin",
        "ls_match": 1,
        "checkme": 0,
        "featureclass": "Populated place"
      },
      "geometry": {
        "type": "Point",
        "coordinates": [
          119.02803904442021,
          33.581949133177716
        ]
      }
    },
    {
      "type": "Feature",
      "properties": {
        "scalerank": 4,
        "natscale": 50,
        "labelrank": 1,
        "name": "温州",
        "namepar": null,
        "namealt": null,
        "diffascii": 0,
        "nameascii": "Wenzhou",
        "adm0cap": 0,
        "capalt": 0,
        "capin": null,
        "worldcity": 0,
        "megacity": 1,
        "sov0name": "China",
        "sov_a3": "CHN",
        "adm0name": "China",
        "adm0_a3": "CHN",
        "adm1name": "Zhejiang",
        "iso_a2": "CN",
        "note": null,
        "latitude": 28.019980895,
        "longitude": 120.650092732,
        "changed": 0,
        "namediff": 0,
        "diffnote": null,
        "pop_max": 2350000,
        "pop_min": 865672,
        "pop_other": 4230411,
        "rank_max": 12,
        "rank_min": 11,
        "geonameid": 1791388,
        "meganame": "Wenzhou",
        "ls_name": "Wenzhou",
        "ls_match": 1,
        "checkme": 0,
        "featureclass": "Populated place"
      },
      "geometry": {
        "type": "Point",
        "coordinates": [
          120.64814687320245,
          28.02192675359828
        ]
      }
    },
    {
      "type": "Feature",
      "properties": {
        "scalerank": 4,
        "natscale": 50,
        "labelrank": 1,
        "name": "宁波",
        "namepar": null,
        "namealt": null,
        "diffascii": 0,
        "nameascii": "Ningbo",
        "adm0cap": 0,
        "capalt": 0,
        "capin": null,
        "worldcity": 0,
        "megacity": 1,
        "sov0name": "China",
        "sov_a3": "CHN",
        "adm0name": "China",
        "adm0_a3": "CHN",
        "adm1name": "Zhejiang",
        "iso_a2": "CN",
        "note": null,
        "latitude": 29.8799707225,
        "longitude": 121.5500378,
        "changed": 0,
        "namediff": 0,
        "diffnote": null,
        "pop_max": 1923000,
        "pop_min": 719867,
        "pop_other": 4274409,
        "rank_max": 12,
        "rank_min": 11,
        "geonameid": 1799397,
        "meganame": "Ningbo",
        "ls_name": "Ningbo",
        "ls_match": 1,
        "checkme": 0,
        "featureclass": "Populated place"
      },
      "geometry": {
        "type": "Point",
        "coordinates": [
          121.54809194156553,
          29.881916581079565
        ]
      }
    },
    {
      "type": "Feature",
      "properties": {
        "scalerank": 4,
        "natscale": 50,
        "labelrank": 1,
        "name": "通辽",
        "namepar": null,
        "namealt": null,
        "diffascii": 0,
        "nameascii": "Tongliao",
        "adm0cap": 0,
        "capalt": 0,
        "capin": null,
        "worldcity": 0,
        "megacity": 1,
        "sov0name": "China",
        "sov_a3": "CHN",
        "adm0name": "China",
        "adm0_a3": "CHN",
        "adm1name": "Nei Mongol",
        "iso_a2": "CN",
        "note": null,
        "latitude": 43.6199589224,
        "longitude": 122.269993855,
        "changed": 0,
        "namediff": 0,
        "diffnote": null,
        "pop_max": 884000,
        "pop_min": 261110,
        "pop_other": 302291,
        "rank_max": 11,
        "rank_min": 10,
        "geonameid": 2034400,
        "meganame": "Tongliao",
        "ls_name": "Tongliao",
        "ls_match": 1,
        "checkme": 0,
        "featureclass": "Populated place"
      },
      "geometry": {
        "type": "Point",
        "coordinates": [
          122.26804799625586,
          43.621904781004275
        ]
      }
    },
    {
      "type": "Feature",
      "properties": {
        "scalerank": 4,
        "natscale": 50,
        "labelrank": 1,
        "name": "呼和浩特",
        "namepar": null,
        "namealt": "Huhot",
        "diffascii": 0,
        "nameascii": "Hohhot",
        "adm0cap": 0,
        "capalt": 0,
        "capin": null,
        "worldcity": 0,
        "megacity": 1,
        "sov0name": "China",
        "sov_a3": "CHN",
        "adm0name": "China",
        "adm0_a3": "CHN",
        "adm1name": "Nei Mongol",
        "iso_a2": "CN",
        "note": null,
        "latitude": 40.8199747915,
        "longitude": 111.659995482,
        "changed": 0,
        "namediff": 0,
        "diffnote": null,
        "pop_max": 1726000,
        "pop_min": 774477,
        "pop_other": 1212450,
        "rank_max": 12,
        "rank_min": 11,
        "geonameid": 2036892,
        "meganame": "Hohhot",
        "ls_name": "Hohhot",
        "ls_match": 1,
        "checkme": 0,
        "featureclass": "Admin-1 capital"
      },
      "geometry": {
        "type": "Point",
        "coordinates": [
          111.65804962381759,
          40.82192065013385
        ]
      }
    },
    {
      "type": "Feature",
      "properties": {
        "scalerank": 4,
        "natscale": 50,
        "labelrank": 1,
        "name": "赤峰",
        "namepar": null,
        "namealt": null,
        "diffascii": 0,
        "nameascii": "Chifeng",
        "adm0cap": 0,
        "capalt": 0,
        "capin": null,
        "worldcity": 0,
        "megacity": 1,
        "sov0name": "China",
        "sov_a3": "CHN",
        "adm0name": "China",
        "adm0_a3": "CHN",
        "adm1name": "Nei Mongol",
        "iso_a2": "CN",
        "note": null,
        "latitude": 42.2700154816,
        "longitude": 118.949989786,
        "changed": 0,
        "namediff": 0,
        "diffnote": null,
        "pop_max": 1277000,
        "pop_min": 346654,
        "pop_other": 586984,
        "rank_max": 12,
        "rank_min": 10,
        "geonameid": 2038067,
        "meganame": "Chifeng",
        "ls_name": "Chifeng",
        "ls_match": 1,
        "checkme": 0,
        "featureclass": "Populated place"
      },
      "geometry": {
        "type": "Point",
        "coordinates": [
          118.94804392723222,
          42.27196134024399
        ]
      }
    },
    {
      "type": "Feature",
      "properties": {
        "scalerank": 4,
        "natscale": 50,
        "labelrank": 1,
        "name": "乌兰浩特",
        "namepar": null,
        "namealt": null,
        "diffascii": 0,
        "nameascii": "Ulanhot",
        "adm0cap": 0,
        "capalt": 0,
        "capin": null,
        "worldcity": 0,
        "megacity": 0,
        "sov0name": "China",
        "sov_a3": "CHN",
        "adm0name": "China",
        "adm0_a3": "CHN",
        "adm1name": "Nei Mongol",
        "iso_a2": "CN",
        "note": null,
        "latitude": 46.0800154816,
        "longitude": 122.08003129,
        "changed": 0,
        "namediff": 0,
        "diffnote": null,
        "pop_max": 241894,
        "pop_min": 165846,
        "pop_other": 232116,
        "rank_max": 10,
        "rank_min": 9,
        "geonameid": 2034312,
        "meganame": null,
        "ls_name": "Ulanhot",
        "ls_match": 1,
        "checkme": 0,
        "featureclass": "Populated place"
      },
      "geometry": {
        "type": "Point",
        "coordinates": [
          122.08003128976384,
          46.08001548164617
        ]
      }
    },
    {
      "type": "Feature",
      "properties": {
        "scalerank": 4,
        "natscale": 50,
        "labelrank": 1,
        "name": "海拉尔",
        "namepar": null,
        "namealt": null,
        "diffascii": 0,
        "nameascii": "Hailar",
        "adm0cap": 0,
        "capalt": 0,
        "capin": null,
        "worldcity": 0,
        "megacity": 0,
        "sov0name": "China",
        "sov_a3": "CHN",
        "adm0name": "China",
        "adm0_a3": "CHN",
        "adm1name": "Nei Mongol",
        "iso_a2": "CN",
        "note": null,
        "latitude": 49.1999800813,
        "longitude": 119.700021524,
        "changed": 0,
        "namediff": 0,
        "diffnote": null,
        "pop_max": 231171,
        "pop_min": 211066,
        "pop_other": 224324,
        "rank_max": 10,
        "rank_min": 10,
        "geonameid": 2037078,
        "meganame": null,
        "ls_name": "Hailar",
        "ls_match": 1,
        "checkme": 0,
        "featureclass": "Populated place"
      },
      "geometry": {
        "type": "Point",
        "coordinates": [
          119.70002152412951,
          49.19998008126794
        ]
      }
    },
    {
      "type": "Feature",
      "properties": {
        "scalerank": 4,
        "natscale": 50,
        "labelrank": 1,
        "name": "佳木斯",
        "namepar": null,
        "namealt": null,
        "diffascii": 0,
        "nameascii": "Jiamusi",
        "adm0cap": 0,
        "capalt": 0,
        "capin": null,
        "worldcity": 0,
        "megacity": 1,
        "sov0name": "China",
        "sov_a3": "CHN",
        "adm0name": "China",
        "adm0_a3": "CHN",
        "adm1name": "Heilongjiang",
        "iso_a2": "CN",
        "note": null,
        "latitude": 46.8300213817,
        "longitude": 130.350017455,
        "changed": 0,
        "namediff": 0,
        "diffnote": null,
        "pop_max": 1020000,
        "pop_min": 549549,
        "pop_other": 0,
        "rank_max": 12,
        "rank_min": 11,
        "geonameid": 2036581,
        "meganame": "Jiamusi",
        "ls_name": "Jiamusi",
        "ls_match": 1,
        "checkme": 0,
        "featureclass": "Populated place"
      },
      "geometry": {
        "type": "Point",
        "coordinates": [
          130.3480715965486,
          46.83196724032729
        ]
      }
    },
    {
      "type": "Feature",
      "properties": {
        "scalerank": 4,
        "natscale": 50,
        "labelrank": 1,
        "name": "北安",
        "namepar": null,
        "namealt": null,
        "diffascii": 0,
        "nameascii": "Beian",
        "adm0cap": 0,
        "capalt": 0,
        "capin": null,
        "worldcity": 0,
        "megacity": 0,
        "sov0name": "China",
        "sov_a3": "CHN",
        "adm0name": "China",
        "adm0_a3": "CHN",
        "adm1name": "Heilongjiang",
        "iso_a2": "CN",
        "note": null,
        "latitude": 48.2390051464,
        "longitude": 126.482036498,
        "changed": 4,
        "namediff": 0,
        "diffnote": "Location adjusted.",
        "pop_max": 154936,
        "pop_min": 154936,
        "pop_other": 0,
        "rank_max": 9,
        "rank_min": 9,
        "geonameid": -1,
        "meganame": null,
        "ls_name": "Beian",
        "ls_match": 1,
        "checkme": 0,
        "featureclass": "Populated place"
      },
      "geometry": {
        "type": "Point",
        "coordinates": [
          126.4820364981149,
          48.2390051463683
        ]
      }
    },
    {
      "type": "Feature",
      "properties": {
        "scalerank": 4,
        "natscale": 50,
        "labelrank": 1,
        "name": "大庆",
        "namepar": null,
        "namealt": null,
        "diffascii": 0,
        "nameascii": "Daqing",
        "adm0cap": 0,
        "capalt": 0,
        "capin": null,
        "worldcity": 0,
        "megacity": 1,
        "sov0name": "China",
        "sov_a3": "CHN",
        "adm0name": "China",
        "adm0_a3": "CHN",
        "adm1name": "Heilongjiang",
        "iso_a2": "CN",
        "note": null,
        "latitude": 46.5799591259,
        "longitude": 125.000008096,
        "changed": 1,
        "namediff": 0,
        "diffnote": "Changed scale rank.",
        "pop_max": 1693000,
        "pop_min": 203488,
        "pop_other": 853242,
        "rank_max": 12,
        "rank_min": 10,
        "geonameid": 2037860,
        "meganame": "Daqing",
        "ls_name": "Daqing",
        "ls_match": 1,
        "checkme": 0,
        "featureclass": "Populated place"
      },
      "geometry": {
        "type": "Point",
        "coordinates": [
          124.9980622378032,
          46.5819049844668
        ]
      }
    },
    {
      "type": "Feature",
      "properties": {
        "scalerank": 4,
        "natscale": 50,
        "labelrank": 1,
        "name": "鸡西",
        "namepar": null,
        "namealt": "Jixi, Heilongjiang",
        "diffascii": 0,
        "nameascii": "Jixi",
        "adm0cap": 0,
        "capalt": 0,
        "capin": null,
        "worldcity": 0,
        "megacity": 1,
        "sov0name": "China",
        "sov_a3": "CHN",
        "adm0name": "China",
        "adm0_a3": "CHN",
        "adm1name": "Heilongjiang",
        "iso_a2": "CN",
        "note": null,
        "latitude": 45.2999597362,
        "longitude": 130.97003129,
        "changed": 1,
        "namediff": 0,
        "diffnote": "Changed scale rank.",
        "pop_max": 965000,
        "pop_min": 403759,
        "pop_other": 460608,
        "rank_max": 11,
        "rank_min": 10,
        "geonameid": 2036389,
        "meganame": "Jixi, Heilongjiang",
        "ls_name": "Jixi",
        "ls_match": 1,
        "checkme": 0,
        "featureclass": "Populated place"
      },
      "geometry": {
        "type": "Point",
        "coordinates": [
          130.96808543118652,
          45.301905594813206
        ]
      }
    },
    {
      "type": "Feature",
      "properties": {
        "scalerank": 3,
        "natscale": 110,
        "labelrank": 1,
        "name": "嘉峪关",
        "namepar": null,
        "namealt": null,
        "diffascii": 0,
        "nameascii": "Jiayuguan",
        "adm0cap": 0,
        "capalt": 0,
        "capin": null,
        "worldcity": 0,
        "megacity": 0,
        "sov0name": "China",
        "sov_a3": "CHN",
        "adm0name": "China",
        "adm0_a3": "CHN",
        "adm1name": "Gansu",
        "iso_a2": "CN",
        "note": null,
        "latitude": 39.8200099885,
        "longitude": 98.2999840891,
        "changed": 0,
        "namediff": 0,
        "diffnote": null,
        "pop_max": 148279,
        "pop_min": 122396,
        "pop_other": 148125,
        "rank_max": 9,
        "rank_min": 9,
        "geonameid": 1280957,
        "meganame": null,
        "ls_name": "Jiayuguan",
        "ls_match": 1,
        "checkme": 0,
        "featureclass": "Populated place"
      },
      "geometry": {
        "type": "Point",
        "coordinates": [
          98.29998408914798,
          39.820009988457
        ]
      }
    },
    {
      "type": "Feature",
      "properties": {
        "scalerank": 3,
        "natscale": 110,
        "labelrank": 1,
        "name": "西宁",
        "namepar": null,
        "namealt": null,
        "diffascii": 0,
        "nameascii": "Xining",
        "adm0cap": 0,
        "capalt": 0,
        "capin": null,
        "worldcity": 0,
        "megacity": 1,
        "sov0name": "China",
        "sov_a3": "CHN",
        "adm0name": "China",
        "adm0_a3": "CHN",
        "adm1name": "Gansu",
        "iso_a2": "CN",
        "note": null,
        "latitude": 36.6199985952,
        "longitude": 101.770004841,
        "changed": 0,
        "namediff": 0,
        "diffnote": null,
        "pop_max": 1048000,
        "pop_min": 767531,
        "pop_other": 992265,
        "rank_max": 12,
        "rank_min": 11,
        "geonameid": 1788852,
        "meganame": "Xining",
        "ls_name": "Xining",
        "ls_match": 1,
        "checkme": 0,
        "featureclass": "Admin-1 capital"
      },
      "geometry": {
        "type": "Point",
        "coordinates": [
          101.76805898250205,
          36.62194445382801
        ]
      }
    },
    {
      "type": "Feature",
      "properties": {
        "scalerank": 3,
        "natscale": 110,
        "labelrank": 1,
        "name": "桂林",
        "namepar": null,
        "namealt": null,
        "diffascii": 0,
        "nameascii": "Guilin",
        "adm0cap": 0,
        "capalt": 0,
        "capin": null,
        "worldcity": 0,
        "megacity": 1,
        "sov0name": "China",
        "sov_a3": "CHN",
        "adm0name": "China",
        "adm0_a3": "CHN",
        "adm1name": "Guangxi",
        "iso_a2": "CN",
        "note": null,
        "latitude": 25.279993102,
        "longitude": 110.280028035,
        "changed": 0,
        "namediff": 0,
        "diffnote": null,
        "pop_max": 987000,
        "pop_min": 649352,
        "pop_other": 1059033,
        "rank_max": 11,
        "rank_min": 11,
        "geonameid": 1809498,
        "meganame": "Guilin",
        "ls_name": "Guilin",
        "ls_match": 1,
        "checkme": 0,
        "featureclass": "Populated place"
      },
      "geometry": {
        "type": "Point",
        "coordinates": [
          110.27808217589546,
          25.28193896061856
        ]
      }
    },
    {
      "type": "Feature",
      "properties": {
        "scalerank": 3,
        "natscale": 110,
        "labelrank": 1,
        "name": "淮南",
        "namepar": null,
        "namealt": null,
        "diffascii": 0,
        "nameascii": "Huainan",
        "adm0cap": 0,
        "capalt": 0,
        "capin": null,
        "worldcity": 0,
        "megacity": 1,
        "sov0name": "China",
        "sov_a3": "CHN",
        "adm0name": "China",
        "adm0_a3": "CHN",
        "adm1name": "Anhui",
        "iso_a2": "CN",
        "note": null,
        "latitude": 32.6299837433,
        "longitude": 116.979980834,
        "changed": 0,
        "namediff": 0,
        "diffnote": null,
        "pop_max": 1451000,
        "pop_min": 1027655,
        "pop_other": 2429321,
        "rank_max": 12,
        "rank_min": 12,
        "geonameid": 1807681,
        "meganame": "Huainan",
        "ls_name": "Huainan",
        "ls_match": 1,
        "checkme": 0,
        "featureclass": "Populated place"
      },
      "geometry": {
        "type": "Point",
        "coordinates": [
          116.97803497540144,
          32.631929601924014
        ]
      }
    },
    {
      "type": "Feature",
      "properties": {
        "scalerank": 3,
        "natscale": 110,
        "labelrank": 1,
        "name": "汕头",
        "namepar": null,
        "namealt": null,
        "diffascii": 0,
        "nameascii": "Shantou",
        "adm0cap": 0,
        "capalt": 0,
        "capin": null,
        "worldcity": 0,
        "megacity": 1,
        "sov0name": "China",
        "sov_a3": "CHN",
        "adm0name": "China",
        "adm0_a3": "CHN",
        "adm1name": "Guangdong",
        "iso_a2": "CN",
        "note": null,
        "latitude": 23.3700063263,
        "longitude": 116.670025593,
        "changed": 0,
        "namediff": 0,
        "diffnote": null,
        "pop_max": 1601000,
        "pop_min": 1333973,
        "pop_other": 9178494,
        "rank_max": 12,
        "rank_min": 12,
        "geonameid": 1795940,
        "meganame": "Shantou",
        "ls_name": "Shantou",
        "ls_match": 1,
        "checkme": 0,
        "featureclass": "Populated place"
      },
      "geometry": {
        "type": "Point",
        "coordinates": [
          116.66807973451489,
          23.37195218489478
        ]
      }
    },
    {
      "type": "Feature",
      "properties": {
        "scalerank": 3,
        "natscale": 110,
        "labelrank": 1,
        "name": "拉萨",
        "namepar": null,
        "namealt": null,
        "diffascii": 0,
        "nameascii": "Lhasa",
        "adm0cap": 0,
        "capalt": 0,
        "capin": null,
        "worldcity": 0,
        "megacity": 0,
        "sov0name": "China",
        "sov_a3": "CHN",
        "adm0name": "China",
        "adm0_a3": "CHN",
        "adm1name": "Xizang",
        "iso_a2": "CN",
        "note": null,
        "latitude": 29.6450238231,
        "longitude": 91.1000101308,
        "changed": 0,
        "namediff": 0,
        "diffnote": null,
        "pop_max": 219599,
        "pop_min": 118721,
        "pop_other": 219448,
        "rank_max": 10,
        "rank_min": 9,
        "geonameid": 1280737,
        "meganame": null,
        "ls_name": "Lhasa",
        "ls_match": 1,
        "checkme": 0,
        "featureclass": "Admin-1 capital"
      },
      "geometry": {
        "type": "Point",
        "coordinates": [
          91.10001013078568,
          29.64502382305176
        ]
      }
    },
    {
      "type": "Feature",
      "properties": {
        "scalerank": 3,
        "natscale": 110,
        "labelrank": 1,
        "name": "哈密",
        "namepar": null,
        "namealt": null,
        "diffascii": 0,
        "nameascii": "Hami",
        "adm0cap": 0,
        "capalt": 0,
        "capin": null,
        "worldcity": 0,
        "megacity": 0,
        "sov0name": "China",
        "sov_a3": "CHN",
        "adm0name": "China",
        "adm0_a3": "CHN",
        "adm1name": "Xinjiang Uygur",
        "iso_a2": "CN",
        "note": null,
        "latitude": 42.8269840689,
        "longitude": 93.5150048411,
        "changed": 4,
        "namediff": 0,
        "diffnote": "Location adjusted.",
        "pop_max": 300848,
        "pop_min": 137072,
        "pop_other": 0,
        "rank_max": 10,
        "rank_min": 9,
        "geonameid": 1529484,
        "meganame": null,
        "ls_name": "Hami",
        "ls_match": 1,
        "checkme": 0,
        "featureclass": "Populated place"
      },
      "geometry": {
        "type": "Point",
        "coordinates": [
          93.5150048410818,
          42.82698406887272
        ]
      }
    },
    {
      "type": "Feature",
      "properties": {
        "scalerank": 3,
        "natscale": 110,
        "labelrank": 1,
        "name": "和田",
        "namepar": null,
        "namealt": null,
        "diffascii": 0,
        "nameascii": "Hotan",
        "adm0cap": 0,
        "capalt": 0,
        "capin": null,
        "worldcity": 0,
        "megacity": 0,
        "sov0name": "China",
        "sov_a3": "CHN",
        "adm0name": "China",
        "adm0_a3": "CHN",
        "adm1name": "Xinjiang Uygur",
        "iso_a2": "CN",
        "note": null,
        "latitude": 37.0997109162,
        "longitude": 79.9269453521,
        "changed": 0,
        "namediff": 0,
        "diffnote": null,
        "pop_max": 261730,
        "pop_min": 114000,
        "pop_other": 230635,
        "rank_max": 10,
        "rank_min": 9,
        "geonameid": 1281019,
        "meganame": null,
        "ls_name": "Hotan",
        "ls_match": 1,
        "checkme": 0,
        "featureclass": "Populated place"
      },
      "geometry": {
        "type": "Point",
        "coordinates": [
          79.92694535209523,
          37.09971091618053
        ]
      }
    },
    {
      "type": "Feature",
      "properties": {
        "scalerank": 3,
        "natscale": 110,
        "labelrank": 1,
        "name": "喀什",
        "namepar": "Kashi",
        "namealt": null,
        "diffascii": 0,
        "nameascii": "Kashi",
        "adm0cap": 0,
        "capalt": 0,
        "capin": null,
        "worldcity": 0,
        "megacity": 0,
        "sov0name": "China",
        "sov_a3": "CHN",
        "adm0name": "China",
        "adm0_a3": "CHN",
        "adm1name": "Xinjiang Uygur",
        "iso_a2": "CN",
        "note": null,
        "latitude": 39.4763358755,
        "longitude": 75.9699259022,
        "changed": 0,
        "namediff": 0,
        "diffnote": null,
        "pop_max": 543914,
        "pop_min": 400225,
        "pop_other": 481725,
        "rank_max": 11,
        "rank_min": 10,
        "geonameid": 1280849,
        "meganame": null,
        "ls_name": "Kashi",
        "ls_match": 1,
        "checkme": 0,
        "featureclass": "Populated place"
      },
      "geometry": {
        "type": "Point",
        "coordinates": [
          75.9699259022097,
          39.476335875499956
        ]
      }
    },
    {
      "type": "Feature",
      "properties": {
        "scalerank": 3,
        "natscale": 110,
        "labelrank": 1,
        "name": "银川",
        "namepar": null,
        "namealt": null,
        "diffascii": 0,
        "nameascii": "Yinchuan",
        "adm0cap": 0,
        "capalt": 0,
        "capin": null,
        "worldcity": 0,
        "megacity": 1,
        "sov0name": "China",
        "sov_a3": "CHN",
        "adm0name": "China",
        "adm0_a3": "CHN",
        "adm1name": "Ningxia Hui",
        "iso_a2": "CN",
        "note": null,
        "latitude": 38.4679736522,
        "longitude": 106.273037475,
        "changed": 4,
        "namediff": 0,
        "diffnote": "Location adjusted.",
        "pop_max": 991000,
        "pop_min": 324228,
        "pop_other": 0,
        "rank_max": 11,
        "rank_min": 10,
        "geonameid": 1786657,
        "meganame": "Yinchuan",
        "ls_name": "Yinchuan",
        "ls_match": 1,
        "checkme": 0,
        "featureclass": "Admin-1 capital"
      },
      "geometry": {
        "type": "Point",
        "coordinates": [
          106.27109161598361,
          38.46991951080139
        ]
      }
    },
    {
      "type": "Feature",
      "properties": {
        "scalerank": 3,
        "natscale": 110,
        "labelrank": 1,
        "name": "萍乡",
        "namepar": null,
        "namealt": "Pingxiang, Jiangxi",
        "diffascii": 0,
        "nameascii": "Pingxiang",
        "adm0cap": 0,
        "capalt": 0,
        "capin": null,
        "worldcity": 0,
        "megacity": 1,
        "sov0name": "China",
        "sov_a3": "CHN",
        "adm0name": "China",
        "adm0_a3": "CHN",
        "adm1name": "Jiangxi",
        "iso_a2": "CN",
        "note": null,
        "latitude": 27.620005309,
        "longitude": 113.850042683,
        "changed": 0,
        "namediff": 0,
        "diffnote": null,
        "pop_max": 961000,
        "pop_min": 372123,
        "pop_other": 31109,
        "rank_max": 11,
        "rank_min": 10,
        "geonameid": 1798654,
        "meganame": "Pingxiang, Jiangxi",
        "ls_name": "Pingxiang2",
        "ls_match": 1,
        "checkme": 0,
        "featureclass": "Populated place"
      },
      "geometry": {
        "type": "Point",
        "coordinates": [
          113.84809682434718,
          27.62195116765929
        ]
      }
    },
    {
      "type": "Feature",
      "properties": {
        "scalerank": 3,
        "natscale": 110,
        "labelrank": 1,
        "name": "齐齐哈尔",
        "namepar": null,
        "namealt": "Qiqihaer",
        "diffascii": 0,
        "nameascii": "Qiqihar",
        "adm0cap": 0,
        "capalt": 0,
        "capin": null,
        "worldcity": 0,
        "megacity": 1,
        "sov0name": "China",
        "sov_a3": "CHN",
        "adm0name": "China",
        "adm0_a3": "CHN",
        "adm1name": "Heilongjiang",
        "iso_a2": "CN",
        "note": null,
        "latitude": 47.3449770295,
        "longitude": 123.989992227,
        "changed": 0,
        "namediff": 0,
        "diffnote": null,
        "pop_max": 1641000,
        "pop_min": 882364,
        "pop_other": 880100,
        "rank_max": 12,
        "rank_min": 11,
        "geonameid": 2035265,
        "meganame": "Qiqihaer",
        "ls_name": "Qiqihar",
        "ls_match": 1,
        "checkme": 0,
        "featureclass": "Populated place"
      },
      "geometry": {
        "type": "Point",
        "coordinates": [
          123.9880463686585,
          47.34692288811567
        ]
      }
    },
    {
      "type": "Feature",
      "properties": {
        "scalerank": 2,
        "natscale": 200,
        "labelrank": 1,
        "name": "深圳",
        "namepar": null,
        "namealt": null,
        "diffascii": 0,
        "nameascii": "Shenzhen",
        "adm0cap": 0,
        "capalt": 0,
        "capin": null,
        "worldcity": 0,
        "megacity": 1,
        "sov0name": "China",
        "sov_a3": "CHN",
        "adm0name": "China",
        "adm0_a3": "CHN",
        "adm1name": "Guangdong",
        "iso_a2": "CN",
        "note": null,
        "latitude": 22.5523705111,
        "longitude": 114.122123088,
        "changed": 4,
        "namediff": 0,
        "diffnote": "Changed feature class. Changed scale rank.",
        "pop_max": 7581000,
        "pop_min": 1002592,
        "pop_other": 10908994,
        "rank_max": 13,
        "rank_min": 12,
        "geonameid": 1795565,
        "meganame": "Shenzhen",
        "ls_name": "Shenzhen",
        "ls_match": 1,
        "checkme": 1,
        "featureclass": "Populated place"
      },
      "geometry": {
        "type": "Point",
        "coordinates": [
          114.1201772298325,
          22.554316369677963
        ]
      }
    },
    {
      "type": "Feature",
      "properties": {
        "scalerank": 2,
        "natscale": 200,
        "labelrank": 1,
        "name": "淄博",
        "namepar": null,
        "namealt": null,
        "diffascii": 0,
        "nameascii": "Zibo",
        "adm0cap": 0,
        "capalt": 0,
        "capin": null,
        "worldcity": 0,
        "megacity": 1,
        "sov0name": "China",
        "sov_a3": "CHN",
        "adm0name": "China",
        "adm0_a3": "CHN",
        "adm1name": "Shandong",
        "iso_a2": "CN",
        "note": null,
        "latitude": 36.7999876089,
        "longitude": 118.049993041,
        "changed": 1,
        "namediff": 0,
        "diffnote": "Changed scale rank.",
        "pop_max": 3061000,
        "pop_min": 669770,
        "pop_other": 5149419,
        "rank_max": 12,
        "rank_min": 11,
        "geonameid": 1785286,
        "meganame": "Zibo",
        "ls_name": "Zibo",
        "ls_match": 1,
        "checkme": 0,
        "featureclass": "Populated place"
      },
      "geometry": {
        "type": "Point",
        "coordinates": [
          118.04804718243702,
          36.80193346750053
        ]
      }
    },
    {
      "type": "Feature",
      "properties": {
        "scalerank": 2,
        "natscale": 200,
        "labelrank": 1,
        "name": "兰州",
        "namepar": null,
        "namealt": null,
        "diffascii": 0,
        "nameascii": "Lanzhou",
        "adm0cap": 0,
        "capalt": 0,
        "capin": null,
        "worldcity": 0,
        "megacity": 1,
        "sov0name": "China",
        "sov_a3": "CHN",
        "adm0name": "China",
        "adm0_a3": "CHN",
        "adm1name": "Gansu",
        "iso_a2": "CN",
        "note": null,
        "latitude": 36.0560278514,
        "longitude": 103.792000284,
        "changed": 4,
        "namediff": 0,
        "diffnote": "Location adjusted. Changed scale rank.",
        "pop_max": 2561000,
        "pop_min": 2004218,
        "pop_other": 0,
        "rank_max": 12,
        "rank_min": 12,
        "geonameid": 1804430,
        "meganame": "Lanzhou",
        "ls_name": "Lanzhou",
        "ls_match": 1,
        "checkme": 0,
        "featureclass": "Admin-1 capital"
      },
      "geometry": {
        "type": "Point",
        "coordinates": [
          103.79005442521844,
          36.05797371001057
        ]
      }
    },
    {
      "type": "Feature",
      "properties": {
        "scalerank": 2,
        "natscale": 200,
        "labelrank": 1,
        "name": "南宁",
        "namepar": null,
        "namealt": null,
        "diffascii": 0,
        "nameascii": "Nanning",
        "adm0cap": 0,
        "capalt": 0,
        "capin": null,
        "worldcity": 0,
        "megacity": 1,
        "sov0name": "China",
        "sov_a3": "CHN",
        "adm0name": "China",
        "adm0_a3": "CHN",
        "adm1name": "Guangxi",
        "iso_a2": "CN",
        "note": null,
        "latitude": 22.8199882192,
        "longitude": 108.320044311,
        "changed": 5,
        "namediff": 0,
        "diffnote": "Changed scale rank.",
        "pop_max": 2167000,
        "pop_min": 803788,
        "pop_other": 2327757,
        "rank_max": 12,
        "rank_min": 11,
        "geonameid": 1799869,
        "meganame": "Nanning",
        "ls_name": "Nanning",
        "ls_match": 1,
        "checkme": 0,
        "featureclass": "Admin-1 capital"
      },
      "geometry": {
        "type": "Point",
        "coordinates": [
          108.31809845192925,
          22.821934077796072
        ]
      }
    },
    {
      "type": "Feature",
      "properties": {
        "scalerank": 2,
        "natscale": 200,
        "labelrank": 1,
        "name": "贵阳",
        "namepar": null,
        "namealt": null,
        "diffascii": 0,
        "nameascii": "Guiyang",
        "adm0cap": 0,
        "capalt": 0,
        "capin": null,
        "worldcity": 0,
        "megacity": 1,
        "sov0name": "China",
        "sov_a3": "CHN",
        "adm0name": "China",
        "adm0_a3": "CHN",
        "adm1name": "Guizhou",
        "iso_a2": "CN",
        "note": null,
        "latitude": 26.5800429474,
        "longitude": 106.720038614,
        "changed": 5,
        "namediff": 0,
        "diffnote": "Changed scale rank.",
        "pop_max": 3662000,
        "pop_min": 1171633,
        "pop_other": 1940314,
        "rank_max": 12,
        "rank_min": 12,
        "geonameid": 1809461,
        "meganame": "Guiyang",
        "ls_name": "Guiyang",
        "ls_match": 1,
        "checkme": 0,
        "featureclass": "Admin-1 capital"
      },
      "geometry": {
        "type": "Point",
        "coordinates": [
          106.7180927553083,
          26.581988806001448
        ]
      }
    },
    {
      "type": "Feature",
      "properties": {
        "scalerank": 2,
        "natscale": 200,
        "labelrank": 1,
        "name": "重庆",
        "namepar": null,
        "namealt": null,
        "diffascii": 0,
        "nameascii": "Chongqing",
        "adm0cap": 0,
        "capalt": 0,
        "capin": null,
        "worldcity": 0,
        "megacity": 1,
        "sov0name": "China",
        "sov_a3": "CHN",
        "adm0name": "China",
        "adm0_a3": "CHN",
        "adm1name": "Chongqing",
        "iso_a2": "CN",
        "note": null,
        "latitude": 29.5649770294,
        "longitude": 106.594981648,
        "changed": 5,
        "namediff": 0,
        "diffnote": "Changed scale rank.",
        "pop_max": 6461000,
        "pop_min": 3967028,
        "pop_other": 8456741,
        "rank_max": 13,
        "rank_min": 12,
        "geonameid": 1814906,
        "meganame": "Chongqing",
        "ls_name": "Chongqing",
        "ls_match": 1,
        "checkme": 0,
        "featureclass": "Populated place"
      },
      "geometry": {
        "type": "Point",
        "coordinates": [
          106.59303578916195,
          29.566922888044644
        ]
      }
    },
    {
      "type": "Feature",
      "properties": {
        "scalerank": 2,
        "natscale": 200,
        "labelrank": 1,
        "name": "福州",
        "namepar": null,
        "namealt": "Fuzhou, Fujian",
        "diffascii": 0,
        "nameascii": "Fuzhou",
        "adm0cap": 0,
        "capalt": 0,
        "capin": null,
        "worldcity": 0,
        "megacity": 1,
        "sov0name": "China",
        "sov_a3": "CHN",
        "adm0name": "China",
        "adm0_a3": "CHN",
        "adm1name": "Fujian",
        "iso_a2": "CN",
        "note": null,
        "latitude": 26.0799959503,
        "longitude": 119.300045938,
        "changed": 5,
        "namediff": 0,
        "diffnote": "Changed scale rank.",
        "pop_max": 2606000,
        "pop_min": 1179720,
        "pop_other": 2096919,
        "rank_max": 12,
        "rank_min": 12,
        "geonameid": 1810821,
        "meganame": "Fuzhou, Fujian",
        "ls_name": "Fuzhou",
        "ls_match": 1,
        "checkme": 0,
        "featureclass": "Admin-1 capital"
      },
      "geometry": {
        "type": "Point",
        "coordinates": [
          119.29810007957747,
          26.081941808929002
        ]
      }
    },
    {
      "type": "Feature",
      "properties": {
        "scalerank": 2,
        "natscale": 200,
        "labelrank": 1,
        "name": "广州",
        "namepar": null,
        "namealt": "Dongguan, Guangdong",
        "diffascii": 0,
        "nameascii": "Guangzhou",
        "adm0cap": 0,
        "capalt": 0,
        "capin": null,
        "worldcity": 0,
        "megacity": 1,
        "sov0name": "China",
        "sov_a3": "CHN",
        "adm0name": "China",
        "adm0_a3": "CHN",
        "adm1name": "Guangdong",
        "iso_a2": "CN",
        "note": null,
        "latitude": 23.1449813019,
        "longitude": 113.325010131,
        "changed": 4,
        "namediff": 0,
        "diffnote": "Changed feature class. Changed scale rank.",
        "pop_max": 8829000,
        "pop_min": 3152825,
        "pop_other": 11946371,
        "rank_max": 13,
        "rank_min": 12,
        "geonameid": 1809858,
        "meganame": "Guangzhou, Guangdong",
        "ls_name": "Guangzhou",
        "ls_match": 1,
        "checkme": 0,
        "featureclass": "Admin-1 capital"
      },
      "geometry": {
        "type": "Point",
        "coordinates": [
          113.32306427226172,
          23.14692716047989
        ]
      }
    },
    {
      "type": "Feature",
      "properties": {
        "scalerank": 2,
        "natscale": 200,
        "labelrank": 1,
        "name": "东莞",
        "namepar": null,
        "namealt": null,
        "diffascii": 0,
        "nameascii": "Dongguan",
        "adm0cap": 0,
        "capalt": 0,
        "capin": null,
        "worldcity": 0,
        "megacity": 1,
        "sov0name": "China",
        "sov_a3": "CHN",
        "adm0name": "China",
        "adm0_a3": "CHN",
        "adm1name": "Guangdong",
        "iso_a2": "CN",
        "note": null,
        "latitude": 23.0488889,
        "longitude": 113.7447222,
        "changed": 5,
        "namediff": 0,
        "diffnote": "Added from GeoNames for UN mega cities.",
        "pop_max": 4528000,
        "pop_min": 4528000,
        "pop_other": 0,
        "rank_max": 12,
        "rank_min": 12,
        "geonameid": 1812545,
        "meganame": "Dongguan, Guangdong",
        "ls_name": null,
        "ls_match": 0,
        "checkme": 0,
        "featureclass": "Populated place"
      },
      "geometry": {
        "type": "Point",
        "coordinates": [
          113.74277634138707,
          23.050834758613007
        ]
      }
    },
    {
      "type": "Feature",
      "properties": {
        "scalerank": 2,
        "natscale": 200,
        "labelrank": 1,
        "name": "西安",
        "namepar": null,
        "namealt": "Xi'an, Shaanxi",
        "diffascii": 0,
        "nameascii": "Xian",
        "adm0cap": 0,
        "capalt": 0,
        "capin": null,
        "worldcity": 0,
        "megacity": 1,
        "sov0name": "China",
        "sov_a3": "CHN",
        "adm0name": "China",
        "adm0_a3": "CHN",
        "adm1name": "Shaanxi",
        "iso_a2": "CN",
        "note": null,
        "latitude": 34.2750254507,
        "longitude": 108.894996296,
        "changed": 5,
        "namediff": 0,
        "diffnote": "Changed scale rank.",
        "pop_max": 4009000,
        "pop_min": 3225812,
        "pop_other": 9574692,
        "rank_max": 12,
        "rank_min": 12,
        "geonameid": 1790630,
        "meganame": "Xi'an, Shaanxi",
        "ls_name": "Xian",
        "ls_match": 1,
        "checkme": 0,
        "featureclass": "Populated place"
      },
      "geometry": {
        "type": "Point",
        "coordinates": [
          108.89305043760862,
          34.27697130928732
        ]
      }
    },
    {
      "type": "Feature",
      "properties": {
        "scalerank": 2,
        "natscale": 200,
        "labelrank": 1,
        "name": "太原",
        "namepar": null,
        "namealt": "Taiyuan, Shanxi",
        "diffascii": 0,
        "nameascii": "Taiyuan",
        "adm0cap": 0,
        "capalt": 0,
        "capin": null,
        "worldcity": 0,
        "megacity": 1,
        "sov0name": "China",
        "sov_a3": "CHN",
        "adm0name": "China",
        "adm0_a3": "CHN",
        "adm1name": "Shanxi",
        "iso_a2": "CN",
        "note": null,
        "latitude": 37.8750124299,
        "longitude": 112.545057738,
        "changed": 5,
        "namediff": 0,
        "diffnote": "Changed scale rank.",
        "pop_max": 2913000,
        "pop_min": 2722475,
        "pop_other": 2606172,
        "rank_max": 12,
        "rank_min": 12,
        "geonameid": 1793511,
        "meganame": "Taiyuan, Shanxi",
        "ls_name": "Taiyuan",
        "ls_match": 1,
        "checkme": 0,
        "featureclass": "Admin-1 capital"
      },
      "geometry": {
        "type": "Point",
        "coordinates": [
          112.54311187968051,
          37.876958288468416
        ]
      }
    },
    {
      "type": "Feature",
      "properties": {
        "scalerank": 2,
        "natscale": 200,
        "labelrank": 1,
        "name": "武汉",
        "namepar": null,
        "namealt": null,
        "diffascii": 0,
        "nameascii": "Wuhan",
        "adm0cap": 0,
        "capalt": 0,
        "capin": null,
        "worldcity": 0,
        "megacity": 1,
        "sov0name": "China",
        "sov_a3": "CHN",
        "adm0name": "China",
        "adm0_a3": "CHN",
        "adm1name": "Hubei",
        "iso_a2": "CN",
        "note": null,
        "latitude": 30.5800313507,
        "longitude": 114.270017048,
        "changed": 5,
        "namediff": 0,
        "diffnote": "Changed scale rank.",
        "pop_max": 7243000,
        "pop_min": 4184206,
        "pop_other": 7232338,
        "rank_max": 13,
        "rank_min": 12,
        "geonameid": 1791247,
        "meganame": "Wuhan",
        "ls_name": "Wuhan",
        "ls_match": 1,
        "checkme": 0,
        "featureclass": "Admin-1 capital"
      },
      "geometry": {
        "type": "Point",
        "coordinates": [
          114.26807118958311,
          30.581977209337822
        ]
      }
    },
    {
      "type": "Feature",
      "properties": {
        "scalerank": 2,
        "natscale": 200,
        "labelrank": 1,
        "name": "长沙",
        "namepar": null,
        "namealt": "Changsha, Hunan",
        "diffascii": 0,
        "nameascii": "Changsha",
        "adm0cap": 0,
        "capalt": 0,
        "capin": null,
        "worldcity": 0,
        "megacity": 1,
        "sov0name": "China",
        "sov_a3": "CHN",
        "adm0name": "China",
        "adm0_a3": "CHN",
        "adm1name": "Hunan",
        "iso_a2": "CN",
        "note": null,
        "latitude": 28.1999699087,
        "longitude": 112.969993041,
        "changed": 5,
        "namediff": 0,
        "diffnote": "Changed scale rank.",
        "pop_max": 2604000,
        "pop_min": 2073938,
        "pop_other": 3360782,
        "rank_max": 12,
        "rank_min": 12,
        "geonameid": 1815577,
        "meganame": "Changsha, Hunan",
        "ls_name": "Changsha",
        "ls_match": 1,
        "checkme": 0,
        "featureclass": "Admin-1 capital"
      },
      "geometry": {
        "type": "Point",
        "coordinates": [
          112.96804718241651,
          28.201915767270805
        ]
      }
    },
    {
      "type": "Feature",
      "properties": {
        "scalerank": 2,
        "natscale": 200,
        "labelrank": 1,
        "name": "昆明",
        "namepar": null,
        "namealt": null,
        "diffascii": 0,
        "nameascii": "Kunming",
        "adm0cap": 0,
        "capalt": 0,
        "capin": null,
        "worldcity": 0,
        "megacity": 1,
        "sov0name": "China",
        "sov_a3": "CHN",
        "adm0name": "China",
        "adm0_a3": "CHN",
        "adm1name": "Yunnan",
        "iso_a2": "CN",
        "note": null,
        "latitude": 25.0699800812,
        "longitude": 102.679975137,
        "changed": 5,
        "namediff": 0,
        "diffnote": "Changed scale rank.",
        "pop_max": 2931000,
        "pop_min": 1023674,
        "pop_other": 2989287,
        "rank_max": 12,
        "rank_min": 12,
        "geonameid": 1804651,
        "meganame": "Kunming",
        "ls_name": "Kunming",
        "ls_match": 1,
        "checkme": 0,
        "featureclass": "Admin-1 capital"
      },
      "geometry": {
        "type": "Point",
        "coordinates": [
          102.67802927872964,
          25.071925939784478
        ]
      }
    },
    {
      "type": "Feature",
      "properties": {
        "scalerank": 2,
        "natscale": 200,
        "labelrank": 1,
        "name": "郑州",
        "namepar": null,
        "namealt": null,
        "diffascii": 0,
        "nameascii": "Zhengzhou",
        "adm0cap": 0,
        "capalt": 0,
        "capin": null,
        "worldcity": 0,
        "megacity": 1,
        "sov0name": "China",
        "sov_a3": "CHN",
        "adm0name": "China",
        "adm0_a3": "CHN",
        "adm1name": "Henan",
        "iso_a2": "CN",
        "note": null,
        "latitude": 34.7549961538,
        "longitude": 113.665092732,
        "changed": 5,
        "namediff": 0,
        "diffnote": "Changed scale rank.",
        "pop_max": 2636000,
        "pop_min": 2014125,
        "pop_other": 4605445,
        "rank_max": 12,
        "rank_min": 12,
        "geonameid": 1784658,
        "meganame": "Zhengzhou",
        "ls_name": "Zhengzhou",
        "ls_match": 1,
        "checkme": 0,
        "featureclass": "Populated place"
      },
      "geometry": {
        "type": "Point",
        "coordinates": [
          113.66314687317458,
          34.7569420124143
        ]
      }
    },
    {
      "type": "Feature",
      "properties": {
        "scalerank": 2,
        "natscale": 200,
        "labelrank": 1,
        "name": "沈阳",
        "namepar": null,
        "namealt": "Shenyang",
        "diffascii": 0,
        "nameascii": "Shenyeng",
        "adm0cap": 0,
        "capalt": 0,
        "capin": null,
        "worldcity": 0,
        "megacity": 1,
        "sov0name": "China",
        "sov_a3": "CHN",
        "adm0name": "China",
        "adm0_a3": "CHN",
        "adm1name": "Liaoning",
        "iso_a2": "CN",
        "note": null,
        "latitude": 41.8049792674,
        "longitude": 123.44997351,
        "changed": 5,
        "namediff": 0,
        "diffnote": "Changed scale rank.",
        "pop_max": 4787000,
        "pop_min": 3512192,
        "pop_other": 4322104,
        "rank_max": 12,
        "rank_min": 12,
        "geonameid": 2034937,
        "meganame": "Shenyang",
        "ls_name": "Shenyeng",
        "ls_match": 1,
        "checkme": 0,
        "featureclass": "Populated place"
      },
      "geometry": {
        "type": "Point",
        "coordinates": [
          123.44802765120869,
          41.80692512604918
        ]
      }
    },
    {
      "type": "Feature",
      "properties": {
        "scalerank": 2,
        "natscale": 200,
        "labelrank": 1,
        "name": "济南",
        "namepar": null,
        "namealt": "Jinan, Shandong",
        "diffascii": 0,
        "nameascii": "Jinan",
        "adm0cap": 0,
        "capalt": 0,
        "capin": null,
        "worldcity": 0,
        "megacity": 1,
        "sov0name": "China",
        "sov_a3": "CHN",
        "adm0name": "China",
        "adm0_a3": "CHN",
        "adm1name": "Shandong",
        "iso_a2": "CN",
        "note": null,
        "latitude": 36.6749823192,
        "longitude": 116.995018676,
        "changed": 5,
        "namediff": 0,
        "diffnote": "Changed scale rank.",
        "pop_max": 2798000,
        "pop_min": 2069266,
        "pop_other": 5123197,
        "rank_max": 12,
        "rank_min": 12,
        "geonameid": 1805753,
        "meganame": "Jinan, Shandong",
        "ls_name": "Jinan",
        "ls_match": 1,
        "checkme": 0,
        "featureclass": "Admin-1 capital"
      },
      "geometry": {
        "type": "Point",
        "coordinates": [
          116.99307281719848,
          36.67692817778641
        ]
      }
    },
    {
      "type": "Feature",
      "properties": {
        "scalerank": 2,
        "natscale": 200,
        "labelrank": 1,
        "name": "天津",
        "namepar": null,
        "namealt": null,
        "diffascii": 0,
        "nameascii": "Tianjin",
        "adm0cap": 0,
        "capalt": 0,
        "capin": null,
        "worldcity": 0,
        "megacity": 1,
        "sov0name": "China",
        "sov_a3": "CHN",
        "adm0name": "China",
        "adm0_a3": "CHN",
        "adm1name": "Tianjin",
        "iso_a2": "CN",
        "note": null,
        "latitude": 39.1300262645,
        "longitude": 117.200019083,
        "changed": 5,
        "namediff": 0,
        "diffnote": "Changed scale rank.",
        "pop_max": 7180000,
        "pop_min": 3766207,
        "pop_other": 5428303,
        "rank_max": 13,
        "rank_min": 12,
        "geonameid": 1792947,
        "meganame": "Tianjin",
        "ls_name": "Tianjin",
        "ls_match": 1,
        "checkme": 0,
        "featureclass": "Admin-1 capital"
      },
      "geometry": {
        "type": "Point",
        "coordinates": [
          117.19807322410043,
          39.13197212310894
        ]
      }
    },
    {
      "type": "Feature",
      "properties": {
        "scalerank": 2,
        "natscale": 200,
        "labelrank": 1,
        "name": "南昌",
        "namepar": null,
        "namealt": null,
        "diffascii": 0,
        "nameascii": "Nanchang",
        "adm0cap": 0,
        "capalt": 0,
        "capin": null,
        "worldcity": 0,
        "megacity": 1,
        "sov0name": "China",
        "sov_a3": "CHN",
        "adm0name": "China",
        "adm0_a3": "CHN",
        "adm1name": "Jiangxi",
        "iso_a2": "CN",
        "note": null,
        "latitude": 28.6799922882,
        "longitude": 115.879996296,
        "changed": 5,
        "namediff": 0,
        "diffnote": "Changed scale rank.",
        "pop_max": 2350000,
        "pop_min": 1871351,
        "pop_other": 2698545,
        "rank_max": 12,
        "rank_min": 12,
        "geonameid": 1800163,
        "meganame": "Nanchang",
        "ls_name": "Nanchang",
        "ls_match": 1,
        "checkme": 0,
        "featureclass": "Admin-1 capital"
      },
      "geometry": {
        "type": "Point",
        "coordinates": [
          115.8780504376366,
          28.681938146830078
        ]
      }
    },
    {
      "type": "Feature",
      "properties": {
        "scalerank": 2,
        "natscale": 200,
        "labelrank": 1,
        "name": "南京",
        "namepar": null,
        "namealt": "Nanjing, Jiangsu",
        "diffascii": 0,
        "nameascii": "Nanjing",
        "adm0cap": 0,
        "capalt": 0,
        "capin": "Dejure capital",
        "worldcity": 0,
        "megacity": 1,
        "sov0name": "China",
        "sov_a3": "CHN",
        "adm0name": "China",
        "adm0_a3": "CHN",
        "adm1name": "Jiangsu",
        "iso_a2": "CN",
        "note": null,
        "latitude": 32.0500191437,
        "longitude": 118.779974324,
        "changed": 5,
        "namediff": 0,
        "diffnote": "Changed scale rank.",
        "pop_max": 3679000,
        "pop_min": 3087010,
        "pop_other": 4726961,
        "rank_max": 12,
        "rank_min": 12,
        "geonameid": 1799962,
        "meganame": "Nanjing, Jiangsu",
        "ls_name": "Nanjing",
        "ls_match": 1,
        "checkme": 0,
        "featureclass": "Admin-1 capital"
      },
      "geometry": {
        "type": "Point",
        "coordinates": [
          118.77802846499208,
          32.05196500231233
        ]
      }
    },
    {
      "type": "Feature",
      "properties": {
        "scalerank": 2,
        "natscale": 200,
        "labelrank": 1,
        "name": "杭州",
        "namepar": null,
        "namealt": null,
        "diffascii": 0,
        "nameascii": "Hangzhou",
        "adm0cap": 0,
        "capalt": 0,
        "capin": null,
        "worldcity": 0,
        "megacity": 1,
        "sov0name": "China",
        "sov_a3": "CHN",
        "adm0name": "China",
        "adm0_a3": "CHN",
        "adm1name": "Zhejiang",
        "iso_a2": "CN",
        "note": null,
        "latitude": 30.2499739777,
        "longitude": 120.170018676,
        "changed": 5,
        "namediff": 0,
        "diffnote": "Changed scale rank.",
        "pop_max": 3007000,
        "pop_min": 1878129,
        "pop_other": 4465853,
        "rank_max": 12,
        "rank_min": 12,
        "geonameid": 1808926,
        "meganame": "Hangzhou",
        "ls_name": "Hangzhou",
        "ls_match": 1,
        "checkme": 0,
        "featureclass": "Admin-1 capital"
      },
      "geometry": {
        "type": "Point",
        "coordinates": [
          120.16807281721094,
          30.251919836289517
        ]
      }
    },
    {
      "type": "Feature",
      "properties": {
        "scalerank": 2,
        "natscale": 200,
        "labelrank": 1,
        "name": "长春",
        "namepar": null,
        "namealt": null,
        "diffascii": 0,
        "nameascii": "Changchun",
        "adm0cap": 0,
        "capalt": 0,
        "capin": null,
        "worldcity": 0,
        "megacity": 1,
        "sov0name": "China",
        "sov_a3": "CHN",
        "adm0name": "China",
        "adm0_a3": "CHN",
        "adm1name": "Jilin",
        "iso_a2": "CN",
        "note": null,
        "latitude": 43.8650085643,
        "longitude": 125.339987344,
        "changed": 5,
        "namediff": 0,
        "diffnote": "Changed scale rank.",
        "pop_max": 3183000,
        "pop_min": 2537421,
        "pop_other": 2778774,
        "rank_max": 12,
        "rank_min": 12,
        "geonameid": 2038180,
        "meganame": "Changchun",
        "ls_name": "Changchun",
        "ls_match": 1,
        "checkme": 0,
        "featureclass": "Admin-1 capital"
      },
      "geometry": {
        "type": "Point",
        "coordinates": [
          125.33804148585148,
          43.86695442293251
        ]
      }
    },
    {
      "type": "Feature",
      "properties": {
        "scalerank": 2,
        "natscale": 200,
        "labelrank": 1,
        "name": "包头",
        "namepar": null,
        "namealt": null,
        "diffascii": 0,
        "nameascii": "Baotou",
        "adm0cap": 0,
        "capalt": 0,
        "capin": null,
        "worldcity": 0,
        "megacity": 1,
        "sov0name": "China",
        "sov_a3": "CHN",
        "adm0name": "China",
        "adm0_a3": "CHN",
        "adm1name": "Nei Mongol",
        "iso_a2": "CN",
        "note": null,
        "latitude": 40.6522072541,
        "longitude": 109.822019815,
        "changed": 4,
        "namediff": 0,
        "diffnote": "Location adjusted. Changed scale rank.",
        "pop_max": 2036000,
        "pop_min": 423329,
        "pop_other": 0,
        "rank_max": 12,
        "rank_min": 10,
        "geonameid": 2038432,
        "meganame": "Baotou",
        "ls_name": "Baotou",
        "ls_match": 1,
        "checkme": 0,
        "featureclass": "Populated place"
      },
      "geometry": {
        "type": "Point",
        "coordinates": [
          109.82007395649259,
          40.654153112698395
        ]
      }
    },
    {
      "type": "Feature",
      "properties": {
        "scalerank": 2,
        "natscale": 200,
        "labelrank": 1,
        "name": "哈尔滨",
        "namepar": null,
        "namealt": "Haerbin",
        "diffascii": 0,
        "nameascii": "Harbin",
        "adm0cap": 0,
        "capalt": 0,
        "capin": null,
        "worldcity": 0,
        "megacity": 1,
        "sov0name": "China",
        "sov_a3": "CHN",
        "adm0name": "China",
        "adm0_a3": "CHN",
        "adm1name": "Heilongjiang",
        "iso_a2": "CN",
        "note": null,
        "latitude": 45.7499839468,
        "longitude": 126.649984903,
        "changed": 5,
        "namediff": 0,
        "diffnote": "Changed scale rank.",
        "pop_max": 3621000,
        "pop_min": 3229883,
        "pop_other": 3416547,
        "rank_max": 12,
        "rank_min": 12,
        "geonameid": 2037013,
        "meganame": "Haerbin",
        "ls_name": "Harbin",
        "ls_match": 1,
        "checkme": 0,
        "featureclass": "Admin-1 capital"
      },
      "geometry": {
        "type": "Point",
        "coordinates": [
          126.64803904445057,
          45.75192980542715
        ]
      }
    },
    {
      "type": "Feature",
      "properties": {
        "scalerank": 1,
        "natscale": 300,
        "labelrank": 1,
        "name": "乌鲁木齐",
        "namepar": null,
        "namealt": "Ürümqi|Wulumqi",
        "diffascii": 0,
        "nameascii": "Urumqi",
        "adm0cap": 0,
        "capalt": 0,
        "capin": null,
        "worldcity": 0,
        "megacity": 1,
        "sov0name": "China",
        "sov_a3": "CHN",
        "adm0name": "China",
        "adm0_a3": "CHN",
        "adm1name": "Xinjiang Uygur",
        "iso_a2": "CN",
        "note": null,
        "latitude": 43.8050122264,
        "longitude": 87.5750056549,
        "changed": 5,
        "namediff": 0,
        "diffnote": "Changed scale rank.",
        "pop_max": 2151000,
        "pop_min": 1508225,
        "pop_other": 2044401,
        "rank_max": 12,
        "rank_min": 12,
        "geonameid": 1529102,
        "meganame": "Ürümqi (Wulumqi)",
        "ls_name": "Urumqi",
        "ls_match": 1,
        "checkme": 0,
        "featureclass": "Admin-1 capital"
      },
      "geometry": {
        "type": "Point",
        "coordinates": [
          87.57305979624726,
          43.8069580850418
        ]
      }
    },
    {
      "type": "Feature",
      "properties": {
        "scalerank": 1,
        "natscale": 300,
        "labelrank": 1,
        "name": "成都",
        "namepar": null,
        "namealt": null,
        "diffascii": 0,
        "nameascii": "Chengdu",
        "adm0cap": 0,
        "capalt": 0,
        "capin": null,
        "worldcity": 0,
        "megacity": 1,
        "sov0name": "China",
        "sov_a3": "CHN",
        "adm0name": "China",
        "adm0_a3": "CHN",
        "adm1name": "Sichuan",
        "iso_a2": "CN",
        "note": null,
        "latitude": 30.6700000193,
        "longitude": 104.07001949,
        "changed": 5,
        "namediff": 0,
        "diffnote": "Changed scale rank.",
        "pop_max": 4123000,
        "pop_min": 3950437,
        "pop_other": 11622929,
        "rank_max": 12,
        "rank_min": 12,
        "geonameid": 1815286,
        "meganame": "Chengdu",
        "ls_name": "Chengdu",
        "ls_match": 1,
        "checkme": 0,
        "featureclass": "Admin-1 capital"
      },
      "geometry": {
        "type": "Point",
        "coordinates": [
          104.06807363094873,
          30.671945877957796
        ]
      }
    },
    {
      "type": "Feature",
      "properties": {
        "scalerank": 0,
        "natscale": 600,
        "labelrank": 1,
        "name": "北京",
        "namepar": null,
        "namealt": null,
        "diffascii": 0,
        "nameascii": "Beijing",
        "adm0cap": 1,
        "capalt": 0,
        "capin": null,
        "worldcity": 1,
        "megacity": 1,
        "sov0name": "China",
        "sov_a3": "CHN",
        "adm0name": "China",
        "adm0_a3": "CHN",
        "adm1name": "Beijing",
        "iso_a2": "CN",
        "note": null,
        "latitude": 39.9288922313,
        "longitude": 116.388285684,
        "changed": 0,
        "namediff": 0,
        "diffnote": null,
        "pop_max": 11106000,
        "pop_min": 7480601,
        "pop_other": 9033231,
        "rank_max": 14,
        "rank_min": 13,
        "geonameid": 1816670,
        "meganame": "Beijing",
        "ls_name": "Beijing",
        "ls_match": 1,
        "checkme": 0,
        "featureclass": "Admin-0 capital"
      },
      "geometry": {
        "type": "Point",
        "coordinates": [
          116.38633982565943,
          39.93083808990906
        ]
      }
    },
    {
      "type": "Feature",
      "properties": {
        "scalerank": 0,
        "natscale": 600,
        "labelrank": 1,
        "name": "上海",
        "namepar": null,
        "namealt": null,
        "diffascii": 0,
        "nameascii": "Shanghai",
        "adm0cap": 0,
        "capalt": 0,
        "capin": null,
        "worldcity": 1,
        "megacity": 1,
        "sov0name": "China",
        "sov_a3": "CHN",
        "adm0name": "China",
        "adm0_a3": "CHN",
        "adm1name": "Shanghai",
        "iso_a2": "CN",
        "note": null,
        "latitude": 31.2164524526,
        "longitude": 121.436504678,
        "changed": 0,
        "namediff": 0,
        "diffnote": null,
        "pop_max": 14987000,
        "pop_min": 14608512,
        "pop_other": 16803572,
        "rank_max": 14,
        "rank_min": 14,
        "geonameid": 1796236,
        "meganame": "Shanghai",
        "ls_name": "Shanghai",
        "ls_match": 1,
        "checkme": 0,
        "featureclass": "Admin-1 capital"
      },
      "geometry": {
        "type": "Point",
        "coordinates": [
          121.43455881982015,
          31.218398311228327
        ]
      }
    }
  ]
}